#include "sym_gray32.h"

const uint16_t sym_gray32_codes[110] = {
    0x00B0,0x00B1,0x00B2,0x00B3,0x00B5,0x00B7,0x00B9,0x00BC,
    0x00BD,0x00BE,0x00D7,0x00F7,0x0394,0x03A9,0x03B1,0x03B2,
    0x03B3,0x03B5,0x03B7,0x03B8,0x03BB,0x03BD,0x03C0,0x03C3,
    0x03C4,0x03C6,0x03C8,0x03C9,0x203B,0x2070,0x2074,0x2075,
    0x2076,0x2077,0x2078,0x2079,0x207A,0x207B,0x207D,0x207E,
    0x2080,0x2081,0x2082,0x2083,0x2084,0x2085,0x2086,0x2087,
    0x2088,0x2089,0x208A,0x208B,0x208C,0x208D,0x208E,0x2090,
    0x2091,0x2092,0x2093,0x2094,0x2095,0x2096,0x2097,0x2098,
    0x2099,0x209A,0x209B,0x209C,0x2103,0x2153,0x2154,0x2190,
    0x2191,0x2192,0x2193,0x21CC,0x2202,0x2211,0x221A,0x221E,
    0x2220,0x2225,0x222B,0x2248,0x2260,0x2264,0x2265,0x22A5,
    0x2460,0x2461,0x2462,0x2463,0x2464,0x2465,0x2466,0x2467,
    0x2468,0x2469,0x2605,0x2606,0xFF10,0xFF11,0xFF12,0xFF13,
    0xFF14,0xFF15,0xFF16,0xFF17,0xFF18,0xFF19,
};

/* 2bit 打包数据 (低位优先, 4 像素/字节, 值*85=alpha; 与 cn_gray 同格式) */
static const uint8_t sym_gray32_data[] = {
/* U+00B0 °  10x10  adv=16 */
    0x90,
    0x6F,
    0x80,
    0xFF,
    0x1F,
    0x7D,
    0xD0,
    0xE7,
    0x01,
    0xB8,
    0x0F,
    0x00,
    0xFF,
    0x00,
    0xF0,
    0x1E,
    0x40,
    0xDB,
    0x07,
    0x7D,
    0xF8,
    0xFF,
    0x02,
    0xF9,
    0x06,
/* U+00B1 ±  21x20  adv=27 */
    0x00,
    0x00,
    0xBC,
    0x00,
    0x00,
    0x00,
    0x00,
    0xF0,
    0x02,
    0x00,
    0x00,
    0x00,
    0xC0,
    0x0B,
    0x00,
    0x00,
    0x00,
    0x00,
    0x2F,
    0x00,
    0x00,
    0x00,
    0x00,
    0xBC,
    0x00,
    0x00,
    0x00,
    0x00,
    0xF0,
    0x02,
    0x00,
    0xE0,
    0xFF,
    0xFF,
    0xFF,
    0xFF,
    0x9F,
    0xFF,
    0xFF,
    0xFF,
    0xFF,
    0x7F,
    0xFE,
    0xFF,
    0xFF,
    0xFF,
    0xFF,
    0x01,
    0x00,
    0xF0,
    0x02,
    0x00,
    0x00,
    0x00,
    0xC0,
    0x0B,
    0x00,
    0x00,
    0x00,
    0x00,
    0x2F,
    0x00,
    0x00,
    0x00,
    0x00,
    0xBC,
    0x00,
    0x00,
    0x00,
    0x00,
    0xF0,
    0x02,
    0x00,
    0x00,
    0x00,
    0xC0,
    0x0B,
    0x00,
    0x00,
    0x00,
    0x00,
    0x00,
    0x00,
    0x00,
    0x00,
    0x00,
    0x00,
    0x00,
    0x00,
    0xF8,
    0xFF,
    0xFF,
    0xFF,
    0xFF,
    0xE7,
    0xFF,
    0xFF,
    0xFF,
    0xFF,
    0x9F,
    0xFF,
    0xFF,
    0xFF,
    0xFF,
    0x7F,
/* U+00B2 ²  10x13  adv=13 */
    0xE4,
    0x6F,
    0xD0,
    0xFF,
    0x2F,
    0x19,
    0xE0,
    0x0B,
    0x00,
    0xB8,
    0x00,
    0x80,
    0x07,
    0x00,
    0x3D,
    0x00,
    0xF4,
    0x01,
    0xD0,
    0x07,
    0x40,
    0x1F,
    0x00,
    0x3E,
    0x00,
    0xB8,
    0x00,
    0xE0,
    0xFF,
    0xBF,
    0xFE,
    0xFF,
    0x0B,
/* U+00B3 ³  11x13  adv=13 */
    0xA4,
    0xBF,
    0x00,
    0xFF,
    0xFF,
    0x81,
    0x01,
    0xBD,
    0x00,
    0x00,
    0x2E,
    0x00,
    0xD0,
    0x07,
    0xF0,
    0x6F,
    0x00,
    0xFC,
    0x2F,
    0x00,
    0x40,
    0x2F,
    0x00,
    0x40,
    0x0F,
    0x00,
    0xD0,
    0x93,
    0x01,
    0xFD,
    0xF4,
    0xFF,
    0x1F,
    0xE4,
    0xAF,
    0x00,
/* U+00B5 µ  18x25  adv=20 */
    0xBD,
    0x00,
    0x00,
    0x7E,
    0xD0,
    0x0B,
    0x00,
    0xE0,
    0x07,
    0xBD,
    0x00,
    0x00,
    0x7E,
    0xD0,
    0x0B,
    0x00,
    0xE0,
    0x07,
    0xBD,
    0x00,
    0x00,
    0x7E,
    0xD0,
    0x0B,
    0x00,
    0xE0,
    0x07,
    0xBD,
    0x00,
    0x00,
    0x7E,
    0xD0,
    0x0B,
    0x00,
    0xE0,
    0x07,
    0xBD,
    0x00,
    0x00,
    0x7E,
    0xD0,
    0x0B,
    0x00,
    0xE0,
    0x07,
    0xBD,
    0x00,
    0x00,
    0x7E,
    0xD0,
    0x0B,
    0x00,
    0xE0,
    0x07,
    0xBD,
    0x00,
    0x00,
    0x7F,
    0xD0,
    0x1F,
    0x00,
    0xF4,
    0x07,
    0xFD,
    0x07,
    0xE4,
    0xBF,
    0xD0,
    0xFB,
    0xFF,
    0xEF,
    0xBF,
    0xBD,
    0xFD,
    0xBF,
    0xFC,
    0xDB,
    0x4B,
    0xBE,
    0x41,
    0x6F,
    0xBD,
    0x00,
    0x00,
    0x00,
    0xD0,
    0x0B,
    0x00,
    0x00,
    0x00,
    0xBD,
    0x00,
    0x00,
    0x00,
    0xD0,
    0x0B,
    0x00,
    0x00,
    0x00,
    0xBD,
    0x00,
    0x00,
    0x00,
    0xD0,
    0x0B,
    0x00,
    0x00,
    0x00,
    0xBD,
    0x00,
    0x00,
    0x00,
    0x00,
/* U+00B7 ·  4x4  adv=10 */
    0xBE,
    0xBE,
    0xBE,
    0xBE,
/* U+00B9 ¹  10x13  adv=13 */
    0xE4,
    0x0F,
    0xF0,
    0xFF,
    0x00,
    0x5A,
    0x0F,
    0x00,
    0xF4,
    0x00,
    0x40,
    0x0F,
    0x00,
    0xF4,
    0x00,
    0x40,
    0x0F,
    0x00,
    0xF4,
    0x00,
    0x40,
    0x0F,
    0x00,
    0xF4,
    0x00,
    0x40,
    0x0F,
    0xE0,
    0xFF,
    0x3F,
    0xFE,
    0xFF,
    0x03,
/* U+00BC ¼  28x23  adv=31 */
    0xE4,
    0x0F,
    0x00,
    0x00,
    0x80,
    0x0B,
    0x00,
    0xFF,
    0x0F,
    0x00,
    0x00,
    0xD0,
    0x03,
    0x00,
    0x5A,
    0x0F,
    0x00,
    0x00,
    0xF0,
    0x01,
    0x00,
    0x40,
    0x0F,
    0x00,
    0x00,
    0xB8,
    0x00,
    0x00,
    0x40,
    0x0F,
    0x00,
    0x00,
    0x7D,
    0x00,
    0x00,
    0x40,
    0x0F,
    0x00,
    0x00,
    0x2F,
    0x00,
    0x00,
    0x40,
    0x0F,
    0x00,
    0x80,
    0x0F,
    0x00,
    0x00,
    0x40,
    0x0F,
    0x00,
    0xD0,
    0x07,
    0x00,
    0x00,
    0x40,
    0x0F,
    0x00,
    0xE0,
    0x02,
    0x00,
    0x00,
    0x40,
    0x0F,
    0x00,
    0xF4,
    0x00,
    0x00,
    0x00,
    0x40,
    0x0F,
    0x00,
    0x7C,
    0x00,
    0xC0,
    0x0F,
    0xFE,
    0xFF,
    0x03,
    0x2E,
    0x00,
    0xE0,
    0x0F,
    0xFE,
    0xFF,
    0x43,
    0x0F,
    0x00,
    0xB8,
    0x0F,
    0x00,
    0x00,
    0xC0,
    0x07,
    0x00,
    0x5D,
    0x0F,
    0x00,
    0x00,
    0xE0,
    0x02,
    0x00,
    0x4B,
    0x0F,
    0x00,
    0x00,
    0xF4,
    0x01,
    0x80,
    0x42,
    0x0F,
    0x00,
    0x00,
    0xBC,
    0x00,
    0xE0,
    0x40,
    0x0F,
    0x00,
    0x00,
    0x3E,
    0x00,
    0x74,
    0x40,
    0x0F,
    0x00,
    0x40,
    0x1F,
    0x00,
    0xFC,
    0xFF,
    0xFF,
    0x00,
    0x80,
    0x0B,
    0x00,
    0xFC,
    0xFF,
    0xFF,
    0x00,
    0xD0,
    0x03,
    0x00,
    0x00,
    0x40,
    0x0F,
    0x00,
    0xF0,
    0x01,
    0x00,
    0x00,
    0x40,
    0x0F,
    0x00,
    0xB8,
    0x00,
    0x00,
    0x00,
    0x40,
    0x0F,
/* U+00BD ½  27x23  adv=31 */
    0xE4,
    0x0F,
    0x00,
    0x00,
    0x80,
    0x0B,
    0xC0,
    0xFF,
    0x03,
    0x00,
    0x00,
    0xF4,
    0x00,
    0xA0,
    0xF5,
    0x00,
    0x00,
    0x00,
    0x1F,
    0x00,
    0x00,
    0x3D,
    0x00,
    0x00,
    0xE0,
    0x02,
    0x00,
    0x40,
    0x0F,
    0x00,
    0x00,
    0x7D,
    0x00,
    0x00,
    0xD0,
    0x03,
    0x00,
    0xC0,
    0x0B,
    0x00,
    0x00,
    0xF4,
    0x00,
    0x00,
    0xF8,
    0x00,
    0x00,
    0x00,
    0x3D,
    0x00,
    0x40,
    0x1F,
    0x00,
    0x00,
    0x40,
    0x0F,
    0x00,
    0xE0,
    0x02,
    0x00,
    0x00,
    0xD0,
    0x03,
    0x00,
    0x3D,
    0x00,
    0x00,
    0x00,
    0xF4,
    0x00,
    0xC0,
    0x07,
    0xE9,
    0x1B,
    0xF8,
    0xFF,
    0x0F,
    0xB8,
    0xD0,
    0xFF,
    0x3F,
    0xFE,
    0xFF,
    0x43,
    0x0F,
    0x64,
    0x80,
    0x2F,
    0x00,
    0x00,
    0xF0,
    0x01,
    0x00,
    0x80,
    0x0F,
    0x00,
    0x00,
    0x2E,
    0x00,
    0x00,
    0xE0,
    0x02,
    0x00,
    0xD0,
    0x07,
    0x00,
    0x00,
    0x3D,
    0x00,
    0x00,
    0xBC,
    0x00,
    0x00,
    0xD0,
    0x07,
    0x00,
    0x80,
    0x0F,
    0x00,
    0x00,
    0x7D,
    0x00,
    0x00,
    0xF4,
    0x01,
    0x00,
    0xD0,
    0x07,
    0x00,
    0x00,
    0x2E,
    0x00,
    0x00,
    0x7D,
    0x00,
    0x00,
    0xD0,
    0x03,
    0x00,
    0xE0,
    0x02,
    0x00,
    0x00,
    0x7C,
    0x00,
    0x00,
    0xFD,
    0xFF,
    0x0F,
    0x80,
    0x0B,
    0x00,
    0x40,
    0xFF,
    0xFF,
    0x03,
/* U+00BE ¾  29x23  adv=31 */
    0xA4,
    0xBF,
    0x00,
    0x00,
    0x00,
    0x2E,
    0x00,
    0xF0,
    0xFF,
    0x1F,
    0x00,
    0x00,
    0x3D,
    0x00,
    0x80,
    0x01,
    0xBD,
    0x00,
    0x00,
    0x7C,
    0x00,
    0x00,
    0x00,
    0xE0,
    0x02,
    0x00,
    0xB8,
    0x00,
    0x00,
    0x00,
    0xD0,
    0x07,
    0x00,
    0xF4,
    0x01,
    0x00,
    0x00,
    0xFF,
    0x06,
    0x00,
    0xF0,
    0x02,
    0x00,
    0x00,
    0xFC,
    0x2F,
    0x00,
    0xE0,
    0x03,
    0x00,
    0x00,
    0x00,
    0xF4,
    0x02,
    0xD0,
    0x07,
    0x00,
    0x00,
    0x00,
    0x40,
    0x0F,
    0x80,
    0x0B,
    0x00,
    0x00,
    0x00,
    0x00,
    0x3D,
    0x40,
    0x0F,
    0x00,
    0x00,
    0x90,
    0x01,
    0xFD,
    0x00,
    0x1F,
    0x00,
    0xF0,
    0x43,
    0xFF,
    0xFF,
    0x01,
    0x2E,
    0x00,
    0xE0,
    0x0F,
    0xE4,
    0xAF,
    0x00,
    0x3D,
    0x00,
    0xE0,
    0x3E,
    0x00,
    0x00,
    0x00,
    0x7C,
    0x00,
    0xD0,
    0xF5,
    0x00,
    0x00,
    0x00,
    0xB8,
    0x00,
    0xC0,
    0xD2,
    0x03,
    0x00,
    0x00,
    0xF4,
    0x01,
    0x80,
    0x42,
    0x0F,
    0x00,
    0x00,
    0xF0,
    0x02,
    0x80,
    0x03,
    0x3D,
    0x00,
    0x00,
    0xE0,
    0x03,
    0x40,
    0x07,
    0xF4,
    0x00,
    0x00,
    0xD0,
    0x07,
    0x00,
    0xFF,
    0xFF,
    0x3F,
    0x00,
    0x80,
    0x0B,
    0x00,
    0xFC,
    0xFF,
    0xFF,
    0x00,
    0x40,
    0x0F,
    0x00,
    0x00,
    0x00,
    0x3D,
    0x00,
    0x00,
    0x1F,
    0x00,
    0x00,
    0x00,
    0xF4,
    0x00,
    0x00,
    0x2E,
    0x00,
    0x00,
    0x00,
    0xD0,
    0x03,
/* U+00D7 ×  19x18  adv=27 */
    0x24,
    0x00,
    0x00,
    0x00,
    0x42,
    0x2F,
    0x00,
    0x00,
    0xF0,
    0xC3,
    0x2F,
    0x00,
    0x00,
    0xBF,
    0xC0,
    0x2F,
    0x00,
    0xF0,
    0x0B,
    0xC0,
    0x2F,
    0x00,
    0xBF,
    0x00,
    0xC0,
    0x2F,
    0xF0,
    0x0B,
    0x00,
    0xC0,
    0x2F,
    0xBF,
    0x00,
    0x00,
    0xC0,
    0xFF,
    0x0B,
    0x00,
    0x00,
    0xC0,
    0xBF,
    0x00,
    0x00,
    0x00,
    0xF0,
    0x2F,
    0x00,
    0x00,
    0x00,
    0xFF,
    0x2F,
    0x00,
    0x00,
    0xF0,
    0xCB,
    0x2F,
    0x00,
    0x00,
    0xBF,
    0xC0,
    0x2F,
    0x00,
    0xF0,
    0x0B,
    0xC0,
    0x2F,
    0x00,
    0xBF,
    0x00,
    0xC0,
    0x2F,
    0xF0,
    0x0B,
    0x00,
    0xC0,
    0x2F,
    0xBD,
    0x00,
    0x00,
    0xC0,
    0x0F,
    0x09,
    0x00,
    0x00,
    0x80,
    0x00,
/* U+00F7 ÷  21x17  adv=27 */
    0x00,
    0x00,
    0xFE,
    0x01,
    0x00,
    0x00,
    0x00,
    0xF8,
    0x07,
    0x00,
    0x00,
    0x00,
    0xE0,
    0x1F,
    0x00,
    0x00,
    0x00,
    0x80,
    0x7F,
    0x00,
    0x00,
    0x00,
    0x00,
    0x00,
    0x00,
    0x00,
    0x00,
    0x00,
    0x00,
    0x00,
    0x00,
    0x00,
    0x00,
    0x00,
    0x00,
    0x00,
    0x80,
    0xFF,
    0xFF,
    0xFF,
    0xFF,
    0x7F,
    0xFE,
    0xFF,
    0xFF,
    0xFF,
    0xFF,
    0xF9,
    0xFF,
    0xFF,
    0xFF,
    0xFF,
    0x07,
    0x00,
    0x00,
    0x00,
    0x00,
    0x00,
    0x00,
    0x00,
    0x00,
    0x00,
    0x00,
    0x00,
    0x00,
    0x00,
    0x00,
    0x00,
    0x00,
    0x00,
    0xF8,
    0x07,
    0x00,
    0x00,
    0x00,
    0xE0,
    0x1F,
    0x00,
    0x00,
    0x00,
    0x80,
    0x7F,
    0x00,
    0x00,
    0x00,
    0x00,
    0xFE,
    0x01,
    0x00,
    0x00,
/* U+0394 Δ  22x23  adv=22 */
    0x00,
    0x00,
    0xFC,
    0x03,
    0x00,
    0x00,
    0x00,
    0xD0,
    0x7F,
    0x00,
    0x00,
    0x00,
    0x00,
    0xFE,
    0x0B,
    0x00,
    0x00,
    0x00,
    0xF4,
    0xFE,
    0x00,
    0x00,
    0x00,
    0x80,
    0x5F,
    0x1F,
    0x00,
    0x00,
    0x00,
    0xFC,
    0xF0,
    0x03,
    0x00,
    0x00,
    0xD0,
    0x0B,
    0x7E,
    0x00,
    0x00,
    0x00,
    0x7E,
    0xD0,
    0x0B,
    0x00,
    0x00,
    0xF0,
    0x03,
    0xFC,
    0x00,
    0x00,
    0x80,
    0x1F,
    0x80,
    0x1F,
    0x00,
    0x00,
    0xFC,
    0x00,
    0xF4,
    0x02,
    0x00,
    0xD0,
    0x0B,
    0x00,
    0x7F,
    0x00,
    0x00,
    0x7E,
    0x00,
    0xD0,
    0x0B,
    0x00,
    0xF0,
    0x03,
    0x00,
    0xFC,
    0x00,
    0x40,
    0x2F,
    0x00,
    0x80,
    0x1F,
    0x00,
    0xFC,
    0x01,
    0x00,
    0xF4,
    0x02,
    0xD0,
    0x0F,
    0x00,
    0x00,
    0x3F,
    0x00,
    0x7E,
    0x00,
    0x00,
    0xE0,
    0x07,
    0xF0,
    0x03,
    0x00,
    0x00,
    0xFD,
    0x40,
    0x2F,
    0x00,
    0x00,
    0x80,
    0x1F,
    0xF8,
    0xFF,
    0xFF,
    0xFF,
    0xFF,
    0xD2,
    0xFF,
    0xFF,
    0xFF,
    0xFF,
    0x3F,
    0xFE,
    0xFF,
    0xFF,
    0xFF,
    0xFF,
    0x07,
/* U+03A9 Ω  23x23  adv=24 */
    0x00,
    0x40,
    0xFE,
    0x6B,
    0x00,
    0x00,
    0x00,
    0xFE,
    0xFF,
    0xBF,
    0x01,
    0x00,
    0xE0,
    0xFF,
    0xFF,
    0xFF,
    0x01,
    0x00,
    0xFF,
    0x17,
    0x90,
    0xFF,
    0x01,
    0xE0,
    0x2F,
    0x00,
    0x40,
    0xFF,
    0x01,
    0xFD,
    0x01,
    0x00,
    0x00,
    0xBF,
    0x80,
    0x2F,
    0x00,
    0x00,
    0x40,
    0x7F,
    0xF0,
    0x07,
    0x00,
    0x00,
    0xC0,
    0x2F,
    0xFD,
    0x00,
    0x00,
    0x00,
    0xE0,
    0x4B,
    0x2F,
    0x00,
    0x00,
    0x00,
    0xF4,
    0xE3,
    0x0B,
    0x00,
    0x00,
    0x00,
    0xFD,
    0xF4,
    0x02,
    0x00,
    0x00,
    0x40,
    0x3F,
    0xFD,
    0x00,
    0x00,
    0x00,
    0xD0,
    0x4B,
    0x3F,
    0x00,
    0x00,
    0x00,
    0xF8,
    0xC2,
    0x1F,
    0x00,
    0x00,
    0x00,
    0x7F,
    0xD0,
    0x0F,
    0x00,
    0x00,
    0xD0,
    0x0F,
    0xF0,
    0x0B,
    0x00,
    0x00,
    0xFC,
    0x01,
    0xF4,
    0x07,
    0x00,
    0x80,
    0x2F,
    0x00,
    0xF4,
    0x07,
    0x00,
    0xF8,
    0x02,
    0x00,
    0xF4,
    0x0B,
    0xD0,
    0x2F,
    0x00,
    0xFE,
    0xFF,
    0x0B,
    0xFC,
    0xFF,
    0x9F,
    0xFF,
    0xFF,
    0x02,
    0xFF,
    0xFF,
    0xE7,
    0xFF,
    0xBF,
    0xC0,
    0xFF,
    0xFF,
    0x01,
/* U+03B1 α  19x18  adv=21 */
    0x00,
    0xE8,
    0x2F,
    0x80,
    0x0B,
    0xD0,
    0xFF,
    0x7F,
    0xF0,
    0x01,
    0xFD,
    0xFF,
    0x3F,
    0x3D,
    0xC0,
    0x7F,
    0xD0,
    0x9F,
    0x0B,
    0xF4,
    0x03,
    0xD0,
    0xFB,
    0x01,
    0xBE,
    0x00,
    0xF0,
    0x3F,
    0xC0,
    0x0F,
    0x00,
    0xF8,
    0x0B,
    0xF0,
    0x03,
    0x00,
    0xFD,
    0x01,
    0xBD,
    0x00,
    0x40,
    0x3F,
    0x40,
    0x2F,
    0x00,
    0xC0,
    0x0B,
    0xC0,
    0x0F,
    0x00,
    0xF0,
    0x03,
    0xF0,
    0x03,
    0x00,
    0xFC,
    0x00,
    0xF8,
    0x01,
    0x80,
    0x7F,
    0x00,
    0xFE,
    0x00,
    0xF4,
    0x2F,
    0x00,
    0xFF,
    0x41,
    0xFF,
    0x1F,
    0x40,
    0xFF,
    0xFF,
    0xFF,
    0xBF,
    0x80,
    0xFF,
    0xFF,
    0xF5,
    0x2F,
    0x40,
    0xFE,
    0x1B,
    0xE4,
    0x0B,
/* U+03B2 β  16x31  adv=20 */
    0x40,
    0xFE,
    0x1B,
    0x00,
    0xF0,
    0xFF,
    0xBF,
    0x00,
    0xFC,
    0xFF,
    0xFF,
    0x02,
    0xFD,
    0x06,
    0xF9,
    0x03,
    0xBE,
    0x00,
    0xE0,
    0x07,
    0x3F,
    0x00,
    0xD0,
    0x07,
    0x3F,
    0x00,
    0xD0,
    0x07,
    0x3F,
    0x00,
    0xE0,
    0x07,
    0x3F,
    0x00,
    0xF4,
    0x03,
    0x3F,
    0x40,
    0xFE,
    0x01,
    0x3F,
    0xFC,
    0xBF,
    0x00,
    0x3F,
    0xFC,
    0x7F,
    0x00,
    0x3F,
    0xFC,
    0xFF,
    0x07,
    0x3F,
    0x00,
    0xE5,
    0x1F,
    0x3F,
    0x00,
    0x80,
    0x2F,
    0x3F,
    0x00,
    0x00,
    0x3F,
    0x3F,
    0x00,
    0x00,
    0x3E,
    0x3F,
    0x00,
    0x00,
    0x3F,
    0x3F,
    0x00,
    0x00,
    0x3F,
    0xBF,
    0x00,
    0x80,
    0x2F,
    0xFF,
    0x07,
    0xE4,
    0x1F,
    0xFF,
    0xFF,
    0xFF,
    0x0B,
    0xFF,
    0xFF,
    0xFF,
    0x02,
    0x3F,
    0xFA,
    0x6F,
    0x00,
    0x3F,
    0x00,
    0x00,
    0x00,
    0x3F,
    0x00,
    0x00,
    0x00,
    0x3F,
    0x00,
    0x00,
    0x00,
    0x3F,
    0x00,
    0x00,
    0x00,
    0x3F,
    0x00,
    0x00,
    0x00,
    0x3F,
    0x00,
    0x00,
    0x00,
    0x3F,
    0x00,
    0x00,
    0x00,
/* U+03B3 γ  18x25  adv=19 */
    0xBE,
    0x00,
    0x00,
    0xD0,
    0xEB,
    0x3F,
    0x00,
    0x00,
    0x7E,
    0xF9,
    0x0B,
    0x00,
    0xF0,
    0x03,
    0xFC,
    0x00,
    0x40,
    0x2F,
    0x80,
    0x1F,
    0x00,
    0xFC,
    0x01,
    0xF4,
    0x02,
    0xD0,
    0x0B,
    0x00,
    0x3F,
    0x00,
    0x7E,
    0x00,
    0xE0,
    0x07,
    0xF0,
    0x03,
    0x00,
    0xBD,
    0x40,
    0x2F,
    0x00,
    0xC0,
    0x0F,
    0xFC,
    0x01,
    0x00,
    0xF8,
    0xD1,
    0x0F,
    0x00,
    0x40,
    0x2F,
    0x7E,
    0x00,
    0x00,
    0xF0,
    0xF7,
    0x03,
    0x00,
    0x00,
    0xFE,
    0x2F,
    0x00,
    0x00,
    0xC0,
    0xFF,
    0x01,
    0x00,
    0x00,
    0xF8,
    0x0F,
    0x00,
    0x00,
    0x40,
    0x7F,
    0x00,
    0x00,
    0x00,
    0xF0,
    0x03,
    0x00,
    0x00,
    0x00,
    0x3F,
    0x00,
    0x00,
    0x00,
    0xF0,
    0x03,
    0x00,
    0x00,
    0x00,
    0x3F,
    0x00,
    0x00,
    0x00,
    0xF0,
    0x03,
    0x00,
    0x00,
    0x00,
    0x3F,
    0x00,
    0x00,
    0x00,
    0xF0,
    0x03,
    0x00,
    0x00,
    0x00,
    0x3F,
    0x00,
    0x00,
/* U+03B5 ε  14x18  adv=17 */
    0x40,
    0xFE,
    0x6B,
    0x00,
    0xFF,
    0xFF,
    0x2F,
    0xFC,
    0xFF,
    0xFF,
    0xD2,
    0x6F,
    0x40,
    0x19,
    0xBD,
    0x00,
    0x00,
    0xD0,
    0x0B,
    0x00,
    0x00,
    0xF8,
    0x06,
    0x00,
    0x00,
    0xFE,
    0xBF,
    0x00,
    0x80,
    0xFF,
    0x0B,
    0x40,
    0xFF,
    0xBF,
    0x00,
    0xFD,
    0x05,
    0x00,
    0xE0,
    0x07,
    0x00,
    0x00,
    0x3F,
    0x00,
    0x00,
    0xE0,
    0x07,
    0x00,
    0x00,
    0xFE,
    0x06,
    0x50,
    0xC2,
    0xFF,
    0xFF,
    0x3F,
    0xE0,
    0xFF,
    0xFF,
    0x03,
    0xA4,
    0xFF,
    0x16,
/* U+03B7 η  16x25  adv=20 */
    0xBC,
    0x90,
    0xBF,
    0x01,
    0xBC,
    0xF8,
    0xFF,
    0x0B,
    0xBC,
    0xFE,
    0xFF,
    0x1F,
    0xFC,
    0x1F,
    0xD0,
    0x3F,
    0xFC,
    0x07,
    0x00,
    0x7F,
    0xFC,
    0x01,
    0x00,
    0x7E,
    0xFC,
    0x00,
    0x00,
    0xBD,
    0xFC,
    0x00,
    0x00,
    0xBD,
    0xBC,
    0x00,
    0x00,
    0xBD,
    0xBC,
    0x00,
    0x00,
    0xBD,
    0xBC,
    0x00,
    0x00,
    0xBD,
    0xBC,
    0x00,
    0x00,
    0xBD,
    0xBC,
    0x00,
    0x00,
    0xBD,
    0xBC,
    0x00,
    0x00,
    0xBD,
    0xBC,
    0x00,
    0x00,
    0xBD,
    0xBC,
    0x00,
    0x00,
    0xBD,
    0xBC,
    0x00,
    0x00,
    0xBD,
    0xBC,
    0x00,
    0x00,
    0xBD,
    0x00,
    0x00,
    0x00,
    0xBD,
    0x00,
    0x00,
    0x00,
    0xBD,
    0x00,
    0x00,
    0x00,
    0xBD,
    0x00,
    0x00,
    0x00,
    0xBD,
    0x00,
    0x00,
    0x00,
    0xBD,
    0x00,
    0x00,
    0x00,
    0xBD,
    0x00,
    0x00,
    0x00,
    0xBD,
/* U+03B8 θ  17x24  adv=20 */
    0x00,
    0xE4,
    0x6F,
    0x00,
    0x00,
    0xF8,
    0xFF,
    0x1F,
    0x00,
    0xF8,
    0xFF,
    0xFF,
    0x00,
    0xF4,
    0x1B,
    0xF4,
    0x0F,
    0xE0,
    0x0B,
    0x00,
    0x7F,
    0xD0,
    0x0F,
    0x00,
    0xF4,
    0x82,
    0x2F,
    0x00,
    0xC0,
    0x0F,
    0x7E,
    0x00,
    0x00,
    0x7E,
    0xFC,
    0x00,
    0x00,
    0xF8,
    0xF2,
    0x03,
    0x00,
    0xD0,
    0xCB,
    0xFF,
    0xFF,
    0xFF,
    0x6F,
    0xFF,
    0xFF,
    0xFF,
    0xBF,
    0xFD,
    0xFF,
    0xFF,
    0xFF,
    0xF2,
    0x03,
    0x00,
    0xD0,
    0xCB,
    0x0F,
    0x00,
    0x40,
    0x2F,
    0x3F,
    0x00,
    0x00,
    0xBE,
    0xF8,
    0x01,
    0x00,
    0xF8,
    0xE1,
    0x0B,
    0x00,
    0xF0,
    0x43,
    0x3F,
    0x00,
    0xD0,
    0x0B,
    0xF8,
    0x02,
    0xC0,
    0x1F,
    0xD0,
    0x6F,
    0xD0,
    0x2F,
    0x00,
    0xFE,
    0xFF,
    0x3F,
    0x00,
    0xE0,
    0xFF,
    0x7F,
    0x00,
    0x00,
    0xF9,
    0x1B,
    0x00,
/* U+03BB λ  17x24  adv=19 */
    0xD0,
    0x2F,
    0x00,
    0x00,
    0x40,
    0xFF,
    0x07,
    0x00,
    0x00,
    0xFD,
    0x2F,
    0x00,
    0x00,
    0x00,
    0xFE,
    0x01,
    0x00,
    0x00,
    0xE0,
    0x0B,
    0x00,
    0x00,
    0x40,
    0x3F,
    0x00,
    0x00,
    0x00,
    0xFC,
    0x01,
    0x00,
    0x00,
    0xE0,
    0x0B,
    0x00,
    0x00,
    0x80,
    0x3F,
    0x00,
    0x00,
    0x00,
    0xFF,
    0x01,
    0x00,
    0x00,
    0xFE,
    0x0F,
    0x00,
    0x00,
    0xBC,
    0x7E,
    0x00,
    0x00,
    0xF8,
    0xF5,
    0x02,
    0x00,
    0xF0,
    0xC3,
    0x0F,
    0x00,
    0xE0,
    0x07,
    0x7E,
    0x00,
    0xC0,
    0x0F,
    0xF4,
    0x02,
    0x40,
    0x1F,
    0xC0,
    0x0F,
    0x00,
    0x3F,
    0x00,
    0xBE,
    0x00,
    0xBD,
    0x00,
    0xF0,
    0x03,
    0xFC,
    0x00,
    0x80,
    0x1F,
    0xF4,
    0x02,
    0x00,
    0xBD,
    0xF0,
    0x07,
    0x00,
    0xF0,
    0xD3,
    0x0B,
    0x00,
    0x80,
    0x9F,
    0x1F,
    0x00,
    0x00,
    0xBD,
/* U+03BD ν  16x18  adv=18 */
    0x7E,
    0x00,
    0xE0,
    0x07,
    0xBD,
    0x00,
    0xC0,
    0x0F,
    0xFC,
    0x00,
    0x40,
    0x1F,
    0xF8,
    0x01,
    0x00,
    0x2F,
    0xF8,
    0x02,
    0x00,
    0x3E,
    0xF4,
    0x03,
    0x00,
    0x7E,
    0xF0,
    0x07,
    0x00,
    0x7E,
    0xE0,
    0x0B,
    0x00,
    0x7E,
    0xD0,
    0x0F,
    0x00,
    0x3F,
    0xC0,
    0x1F,
    0x80,
    0x3F,
    0x80,
    0x1F,
    0xC0,
    0x1F,
    0x40,
    0x2F,
    0xE0,
    0x0F,
    0x00,
    0x3F,
    0xF4,
    0x07,
    0x00,
    0x7F,
    0xFD,
    0x01,
    0x00,
    0xBE,
    0xBF,
    0x00,
    0x00,
    0xFD,
    0x2F,
    0x00,
    0x00,
    0xFC,
    0x0F,
    0x00,
    0x00,
    0xF8,
    0x03,
    0x00,
/* U+03C0 π  18x18  adv=19 */
    0xFF,
    0xFF,
    0xFF,
    0xFF,
    0xF3,
    0xFF,
    0xFF,
    0xFF,
    0x3F,
    0xFF,
    0xFF,
    0xFF,
    0xFF,
    0x03,
    0x7E,
    0x00,
    0xF4,
    0x02,
    0xE0,
    0x07,
    0x40,
    0x2F,
    0x00,
    0x7E,
    0x00,
    0xF4,
    0x02,
    0xE0,
    0x07,
    0x40,
    0x2F,
    0x00,
    0x7E,
    0x00,
    0xF4,
    0x02,
    0xE0,
    0x07,
    0x40,
    0x2F,
    0x00,
    0x7E,
    0x00,
    0xF4,
    0x02,
    0xE0,
    0x07,
    0x40,
    0x2F,
    0x00,
    0x7E,
    0x00,
    0xF4,
    0x02,
    0xE0,
    0x07,
    0x40,
    0x2F,
    0x00,
    0x7E,
    0x00,
    0xF4,
    0x02,
    0xE0,
    0x07,
    0x00,
    0x7F,
    0x00,
    0x7E,
    0x00,
    0xF0,
    0x7F,
    0xE0,
    0x07,
    0x00,
    0xFE,
    0x07,
    0x7E,
    0x00,
    0x80,
    0x6F,
/* U+03C3 σ  19x18  adv=20 */
    0x00,
    0xE8,
    0xFF,
    0xFF,
    0x1F,
    0xD0,
    0xFF,
    0xFF,
    0xFF,
    0x07,
    0xFD,
    0xFF,
    0xFF,
    0xFF,
    0xC1,
    0xBF,
    0x40,
    0xFE,
    0x01,
    0xF8,
    0x07,
    0x00,
    0xFE,
    0x00,
    0xBE,
    0x00,
    0x00,
    0x7F,
    0xC0,
    0x0F,
    0x00,
    0x80,
    0x2F,
    0xF0,
    0x03,
    0x00,
    0xD0,
    0x0B,
    0xBD,
    0x00,
    0x00,
    0xF4,
    0x42,
    0x3F,
    0x00,
    0x00,
    0xBD,
    0xC0,
    0x0F,
    0x00,
    0x40,
    0x2F,
    0xF0,
    0x07,
    0x00,
    0xE0,
    0x0B,
    0xF8,
    0x02,
    0x00,
    0xFC,
    0x01,
    0xFD,
    0x01,
    0x80,
    0x3F,
    0x00,
    0xFE,
    0x06,
    0xF9,
    0x07,
    0x00,
    0xFF,
    0xFF,
    0xBF,
    0x00,
    0x40,
    0xFF,
    0xFF,
    0x0B,
    0x00,
    0x00,
    0xF9,
    0x6F,
    0x00,
    0x00,
/* U+03C4 τ  17x18  adv=19 */
    0xFD,
    0xFF,
    0xFF,
    0xFF,
    0xF6,
    0xFF,
    0xFF,
    0xFF,
    0xDB,
    0xFF,
    0xFF,
    0xFF,
    0x2F,
    0x00,
    0xF0,
    0x03,
    0x00,
    0x00,
    0xC0,
    0x0F,
    0x00,
    0x00,
    0x00,
    0x3F,
    0x00,
    0x00,
    0x00,
    0xFC,
    0x00,
    0x00,
    0x00,
    0xF0,
    0x03,
    0x00,
    0x00,
    0xC0,
    0x0F,
    0x00,
    0x00,
    0x00,
    0x3F,
    0x00,
    0x00,
    0x00,
    0xFC,
    0x00,
    0x00,
    0x00,
    0xF0,
    0x03,
    0x00,
    0x00,
    0x80,
    0x0F,
    0x00,
    0x00,
    0x00,
    0x7E,
    0x00,
    0x00,
    0x00,
    0xF8,
    0x06,
    0x00,
    0x00,
    0xC0,
    0xFF,
    0x07,
    0x00,
    0x00,
    0xFE,
    0x1F,
    0x00,
    0x00,
    0x90,
    0x7F,
    0x00,
/* U+03C6 φ  19x25  adv=21 */
    0x00,
    0x38,
    0xE4,
    0x1B,
    0x00,
    0xD0,
    0x4F,
    0xFF,
    0x1F,
    0x00,
    0xFD,
    0xE3,
    0xFF,
    0x1F,
    0xC0,
    0x7F,
    0xFC,
    0xE1,
    0x0F,
    0xF8,
    0x07,
    0x3F,
    0xF0,
    0x0B,
    0xBF,
    0xC0,
    0x0F,
    0xF4,
    0xC3,
    0x0F,
    0xF0,
    0x03,
    0xFC,
    0xF0,
    0x03,
    0xFC,
    0x00,
    0x7F,
    0xBD,
    0x00,
    0x3F,
    0x80,
    0x5F,
    0x2F,
    0xC0,
    0x0F,
    0xE0,
    0xC7,
    0x0F,
    0xF0,
    0x03,
    0xFC,
    0xF0,
    0x03,
    0xFC,
    0x00,
    0x3F,
    0xF8,
    0x02,
    0x3F,
    0xD0,
    0x0B,
    0xFD,
    0xC1,
    0x0F,
    0xFD,
    0x01,
    0xFF,
    0xF1,
    0xD3,
    0x3F,
    0x40,
    0xFF,
    0xFF,
    0xFF,
    0x07,
    0x40,
    0xFF,
    0xFF,
    0x7F,
    0x00,
    0x00,
    0xF9,
    0xBF,
    0x02,
    0x00,
    0x00,
    0xF0,
    0x03,
    0x00,
    0x00,
    0x00,
    0xFC,
    0x00,
    0x00,
    0x00,
    0x00,
    0x3F,
    0x00,
    0x00,
    0x00,
    0xC0,
    0x0F,
    0x00,
    0x00,
    0x00,
    0xF0,
    0x03,
    0x00,
    0x00,
    0x00,
    0xFC,
    0x00,
    0x00,
    0x00,
    0x00,
    0x3F,
    0x00,
    0x00,
/* U+03C8 ψ  19x25  adv=21 */
    0xBD,
    0x00,
    0x3F,
    0x80,
    0x5F,
    0x2F,
    0xC0,
    0x0F,
    0xE0,
    0xD7,
    0x0B,
    0xF0,
    0x03,
    0xF8,
    0xF5,
    0x02,
    0xFC,
    0x00,
    0x7E,
    0xBD,
    0x00,
    0x3F,
    0x80,
    0x5F,
    0x2F,
    0xC0,
    0x0F,
    0xE0,
    0xD7,
    0x0B,
    0xF0,
    0x03,
    0xF8,
    0xF5,
    0x02,
    0xFC,
    0x00,
    0x7E,
    0xBD,
    0x00,
    0x3F,
    0x80,
    0x5F,
    0x2F,
    0xC0,
    0x0F,
    0xE0,
    0xD7,
    0x0B,
    0xF0,
    0x03,
    0xF8,
    0xF1,
    0x02,
    0xFC,
    0x00,
    0x7E,
    0xFC,
    0x00,
    0x3F,
    0xC0,
    0x0F,
    0xBE,
    0xC0,
    0x0F,
    0xF8,
    0x42,
    0xFF,
    0xF1,
    0xD3,
    0x7F,
    0x80,
    0xFF,
    0xFF,
    0xFF,
    0x0B,
    0x40,
    0xFF,
    0xFF,
    0x7F,
    0x00,
    0x00,
    0xF9,
    0xBF,
    0x01,
    0x00,
    0x00,
    0xF0,
    0x03,
    0x00,
    0x00,
    0x00,
    0xFC,
    0x00,
    0x00,
    0x00,
    0x00,
    0x3F,
    0x00,
    0x00,
    0x00,
    0xC0,
    0x0F,
    0x00,
    0x00,
    0x00,
    0xF0,
    0x03,
    0x00,
    0x00,
    0x00,
    0xFC,
    0x00,
    0x00,
    0x00,
    0x00,
    0x3F,
    0x00,
    0x00,
/* U+03C9 ω  23x18  adv=27 */
    0xE0,
    0x07,
    0x00,
    0x00,
    0xF8,
    0x01,
    0xFC,
    0x00,
    0x00,
    0x00,
    0xFD,
    0x80,
    0x2F,
    0x00,
    0x00,
    0x00,
    0x7F,
    0xF0,
    0x07,
    0x00,
    0x00,
    0x80,
    0x2F,
    0xFD,
    0x00,
    0x00,
    0x00,
    0xD0,
    0x4F,
    0x2F,
    0x00,
    0x00,
    0x00,
    0xF0,
    0xE7,
    0x0B,
    0x00,
    0x00,
    0x00,
    0xFC,
    0xF9,
    0x01,
    0xC0,
    0x0B,
    0x00,
    0xBE,
    0x7F,
    0x00,
    0xF0,
    0x02,
    0x80,
    0xEF,
    0x1F,
    0x00,
    0xBC,
    0x00,
    0xE0,
    0xEB,
    0x0B,
    0x40,
    0x3F,
    0x00,
    0xF8,
    0xFA,
    0x02,
    0xD0,
    0x0F,
    0x00,
    0x7F,
    0xFE,
    0x00,
    0xF8,
    0x07,
    0xD0,
    0x5F,
    0x7F,
    0x00,
    0xFF,
    0x02,
    0xF8,
    0xC3,
    0x7F,
    0xE0,
    0xFB,
    0x82,
    0xBF,
    0xD0,
    0xFF,
    0xBF,
    0xFC,
    0xFF,
    0x0F,
    0xE0,
    0xFF,
    0x0F,
    0xFD,
    0xFF,
    0x01,
    0x90,
    0xBF,
    0x00,
    0xF9,
    0x0B,
    0x00,
/* U+203B ※  21x23  adv=27 */
    0x00,
    0x00,
    0xFD,
    0x00,
    0x00,
    0x00,
    0x00,
    0xF4,
    0x03,
    0x00,
    0x00,
    0x00,
    0xD0,
    0x0F,
    0x00,
    0x00,
    0x24,
    0x40,
    0x3F,
    0x00,
    0x02,
    0xF4,
    0x02,
    0x00,
    0x00,
    0x3F,
    0xC0,
    0x2F,
    0x00,
    0x00,
    0xBF,
    0x00,
    0xFC,
    0x02,
    0x00,
    0xBF,
    0x00,
    0xC0,
    0x2F,
    0x00,
    0xBF,
    0x00,
    0x00,
    0xFC,
    0x02,
    0xBF,
    0x00,
    0x00,
    0xC0,
    0x2F,
    0xBF,
    0x00,
    0xF0,
    0x07,
    0xFC,
    0xBF,
    0x80,
    0xEF,
    0x1F,
    0xC0,
    0xBF,
    0x00,
    0xBE,
    0x7F,
    0x00,
    0xFF,
    0x02,
    0xF8,
    0xFE,
    0x01,
    0xFF,
    0x2F,
    0xE0,
    0x0B,
    0x00,
    0xBF,
    0xFC,
    0x02,
    0x00,
    0x00,
    0xBF,
    0xC0,
    0x2F,
    0x00,
    0x00,
    0xBF,
    0x00,
    0xFC,
    0x02,
    0x00,
    0xBF,
    0x00,
    0xC0,
    0x2F,
    0x00,
    0xBF,
    0x00,
    0x00,
    0xFC,
    0x02,
    0xBD,
    0x40,
    0x3F,
    0xC0,
    0x0F,
    0x90,
    0x00,
    0xFD,
    0x00,
    0x08,
    0x00,
    0x00,
    0xF4,
    0x03,
    0x00,
    0x00,
    0x00,
    0xD0,
    0x0F,
    0x00,
    0x00,
/* U+2070 ⁰  11x14  adv=13 */
    0x40,
    0x6A,
    0x00,
    0xF8,
    0xBA,
    0x80,
    0x0B,
    0xB4,
    0xF0,
    0x00,
    0x3C,
    0x2D,
    0x00,
    0x9E,
    0x07,
    0x40,
    0xEB,
    0x01,
    0xD0,
    0x7A,
    0x00,
    0xB4,
    0x1E,
    0x00,
    0x6D,
    0x0B,
    0x80,
    0xC7,
    0x03,
    0xF0,
    0xE1,
    0x02,
    0x2D,
    0xE0,
    0xEA,
    0x03,
    0x90,
    0x1A,
    0x00,
/* U+2074 ⁴  12x13  adv=13 */
    0x00,
    0xD0,
    0x0B,
    0x00,
    0xF0,
    0x0B,
    0x00,
    0xB8,
    0x0B,
    0x00,
    0x9E,
    0x0B,
    0x40,
    0x87,
    0x0B,
    0xC0,
    0x82,
    0x0B,
    0xA0,
    0x80,
    0x0B,
    0x38,
    0x80,
    0x0B,
    0xFC,
    0xFF,
    0xBF,
    0xFC,
    0xFF,
    0xBF,
    0x00,
    0x80,
    0x0B,
    0x00,
    0x80,
    0x0B,
    0x00,
    0x80,
    0x0B,
/* U+2075 ⁵  11x14  adv=13 */
    0x54,
    0x55,
    0x01,
    0xFE,
    0xFF,
    0x81,
    0x03,
    0x00,
    0xE0,
    0x00,
    0x00,
    0x38,
    0x00,
    0x00,
    0xFE,
    0x2F,
    0x80,
    0x9A,
    0x7E,
    0x00,
    0x00,
    0x3D,
    0x00,
    0x00,
    0x1F,
    0x00,
    0x80,
    0x07,
    0x00,
    0xF0,
    0x14,
    0x00,
    0x2E,
    0xBD,
    0xFA,
    0x02,
    0xA9,
    0x1A,
    0x00,
/* U+2076 ⁶  11x14  adv=13 */
    0x00,
    0xA9,
    0x06,
    0xF4,
    0xEB,
    0x42,
    0x1F,
    0x40,
    0xE0,
    0x01,
    0x00,
    0x2D,
    0x00,
    0x40,
    0xDB,
    0xBF,
    0xE0,
    0x6F,
    0xB9,
    0xF8,
    0x01,
    0x78,
    0x3D,
    0x00,
    0x6D,
    0x0F,
    0x40,
    0xCB,
    0x03,
    0xD0,
    0xE2,
    0x02,
    0x7C,
    0xE0,
    0xEB,
    0x07,
    0x90,
    0x6A,
    0x00,
/* U+2077 ⁷  11x14  adv=13 */
    0x54,
    0x55,
    0x45,
    0xFF,
    0xFF,
    0x07,
    0x00,
    0xB4,
    0x00,
    0x00,
    0x1E,
    0x00,
    0xD0,
    0x03,
    0x00,
    0x78,
    0x00,
    0x00,
    0x0F,
    0x00,
    0xE0,
    0x02,
    0x00,
    0x3C,
    0x00,
    0x40,
    0x0B,
    0x00,
    0xF0,
    0x01,
    0x00,
    0x2D,
    0x00,
    0x80,
    0x07,
    0x00,
    0xA0,
    0x00,
    0x00,
/* U+2078 ⁸  11x14  adv=13 */
    0x40,
    0x6A,
    0x00,
    0xBD,
    0xFA,
    0xC1,
    0x07,
    0xF4,
    0xF4,
    0x00,
    0x78,
    0x3C,
    0x00,
    0x0F,
    0x6D,
    0xE4,
    0x02,
    0xFD,
    0x1F,
    0xD0,
    0x57,
    0x1F,
    0x3D,
    0x00,
    0x9E,
    0x0B,
    0x40,
    0xEB,
    0x02,
    0xD0,
    0xF6,
    0x01,
    0x7C,
    0xF8,
    0xEA,
    0x0B,
    0xA4,
    0x6A,
    0x00,
/* U+2079 ⁹  11x14  adv=13 */
    0x40,
    0x6A,
    0x00,
    0xBD,
    0xBE,
    0xC0,
    0x07,
    0xB8,
    0xB8,
    0x00,
    0x3C,
    0x1E,
    0x00,
    0x9E,
    0x07,
    0xC0,
    0xDB,
    0x03,
    0xF4,
    0xE2,
    0x96,
    0xBF,
    0xE0,
    0xBF,
    0x2E,
    0x00,
    0x80,
    0x07,
    0x00,
    0xF4,
    0x00,
    0x40,
    0x1F,
    0xB8,
    0xFA,
    0x01,
    0xA9,
    0x06,
    0x00,
/* U+207A ⁺  13x12  adv=17 */
    0x00,
    0x64,
    0x00,
    0x00,
    0xD0,
    0x01,
    0x00,
    0x40,
    0x07,
    0x00,
    0x00,
    0x1D,
    0x00,
    0x00,
    0x74,
    0x00,
    0xA8,
    0xFA,
    0xAB,
    0xAA,
    0xAA,
    0xAB,
    0x2A,
    0x00,
    0x1D,
    0x00,
    0x00,
    0x74,
    0x00,
    0x00,
    0xD0,
    0x01,
    0x00,
    0x40,
    0x07,
    0x00,
    0x00,
    0x09,
    0x00,
/* U+207B ⁻  13x2  adv=17 */
    0xAA,
    0xAA,
    0xAA,
    0xAA,
    0xAA,
    0xAA,
    0x0A,
/* U+207D ⁽  6x17  adv=8 */
    0x00,
    0x00,
    0x38,
    0xD0,
    0x01,
    0x0F,
    0x74,
    0x80,
    0x03,
    0x3C,
    0xC0,
    0x02,
    0x2D,
    0xD0,
    0x02,
    0x2C,
    0xC0,
    0x03,
    0x78,
    0x40,
    0x0B,
    0xE0,
    0x00,
    0x1D,
    0x80,
    0x03,
/* U+207E ⁾  6x17  adv=8 */
    0x00,
    0xC0,
    0x02,
    0x78,
    0x00,
    0x0B,
    0xE0,
    0x01,
    0x2D,
    0xC0,
    0x02,
    0x3C,
    0x80,
    0x03,
    0x38,
    0xC0,
    0x03,
    0x2C,
    0xD0,
    0x02,
    0x0E,
    0xB0,
    0x80,
    0x03,
    0x1C,
    0x00,
/* U+2080 ₀  11x14  adv=13 */
    0x40,
    0x6A,
    0x00,
    0xF8,
    0xBA,
    0x80,
    0x0B,
    0xB4,
    0xF0,
    0x00,
    0x3C,
    0x2D,
    0x00,
    0x9E,
    0x07,
    0x40,
    0xEB,
    0x01,
    0xD0,
    0x7A,
    0x00,
    0xB4,
    0x1E,
    0x00,
    0x6D,
    0x0B,
    0x80,
    0xC7,
    0x03,
    0xF0,
    0xE1,
    0x02,
    0x2D,
    0xE0,
    0xEA,
    0x03,
    0x90,
    0x1A,
    0x00,
/* U+2081 ₁  10x13  adv=13 */
    0xE4,
    0x0F,
    0xF0,
    0xFF,
    0x00,
    0x5A,
    0x0F,
    0x00,
    0xF4,
    0x00,
    0x40,
    0x0F,
    0x00,
    0xF4,
    0x00,
    0x40,
    0x0F,
    0x00,
    0xF4,
    0x00,
    0x40,
    0x0F,
    0x00,
    0xF4,
    0x00,
    0x40,
    0x0F,
    0xE0,
    0xFF,
    0x3F,
    0xFE,
    0xFF,
    0x03,
/* U+2082 ₂  10x13  adv=13 */
    0xE4,
    0x6F,
    0xD0,
    0xFF,
    0x2F,
    0x19,
    0xE0,
    0x0B,
    0x00,
    0xB8,
    0x00,
    0x80,
    0x07,
    0x00,
    0x3D,
    0x00,
    0xF4,
    0x01,
    0xD0,
    0x07,
    0x40,
    0x1F,
    0x00,
    0x3E,
    0x00,
    0xB8,
    0x00,
    0xE0,
    0xFF,
    0xBF,
    0xFE,
    0xFF,
    0x0B,
/* U+2083 ₃  11x13  adv=13 */
    0xA4,
    0xBF,
    0x00,
    0xFF,
    0xFF,
    0x81,
    0x01,
    0xBD,
    0x00,
    0x00,
    0x2E,
    0x00,
    0xD0,
    0x07,
    0xF0,
    0x6F,
    0x00,
    0xFC,
    0x2F,
    0x00,
    0x40,
    0x2F,
    0x00,
    0x40,
    0x0F,
    0x00,
    0xD0,
    0x93,
    0x01,
    0xFD,
    0xF4,
    0xFF,
    0x1F,
    0xE4,
    0xAF,
    0x00,
/* U+2084 ₄  12x13  adv=13 */
    0x00,
    0xD0,
    0x0B,
    0x00,
    0xF0,
    0x0B,
    0x00,
    0xB8,
    0x0B,
    0x00,
    0x9E,
    0x0B,
    0x40,
    0x87,
    0x0B,
    0xC0,
    0x82,
    0x0B,
    0xA0,
    0x80,
    0x0B,
    0x38,
    0x80,
    0x0B,
    0xFC,
    0xFF,
    0xBF,
    0xFC,
    0xFF,
    0xBF,
    0x00,
    0x80,
    0x0B,
    0x00,
    0x80,
    0x0B,
    0x00,
    0x80,
    0x0B,
/* U+2085 ₅  11x14  adv=13 */
    0x54,
    0x55,
    0x01,
    0xFE,
    0xFF,
    0x81,
    0x03,
    0x00,
    0xE0,
    0x00,
    0x00,
    0x38,
    0x00,
    0x00,
    0xFE,
    0x2F,
    0x80,
    0x9A,
    0x7E,
    0x00,
    0x00,
    0x3D,
    0x00,
    0x00,
    0x1F,
    0x00,
    0x80,
    0x07,
    0x00,
    0xF0,
    0x14,
    0x00,
    0x2E,
    0xBD,
    0xFA,
    0x02,
    0xA9,
    0x1A,
    0x00,
/* U+2086 ₆  11x14  adv=13 */
    0x00,
    0xA9,
    0x06,
    0xF4,
    0xEB,
    0x42,
    0x1F,
    0x40,
    0xE0,
    0x01,
    0x00,
    0x2D,
    0x00,
    0x40,
    0xDB,
    0xBF,
    0xE0,
    0x6F,
    0xB9,
    0xF8,
    0x01,
    0x78,
    0x3D,
    0x00,
    0x6D,
    0x0F,
    0x40,
    0xCB,
    0x03,
    0xD0,
    0xE2,
    0x02,
    0x7C,
    0xE0,
    0xEB,
    0x07,
    0x90,
    0x6A,
    0x00,
/* U+2087 ₇  11x14  adv=13 */
    0x54,
    0x55,
    0x45,
    0xFF,
    0xFF,
    0x07,
    0x00,
    0xB4,
    0x00,
    0x00,
    0x1E,
    0x00,
    0xD0,
    0x03,
    0x00,
    0x78,
    0x00,
    0x00,
    0x0F,
    0x00,
    0xE0,
    0x02,
    0x00,
    0x3C,
    0x00,
    0x40,
    0x0B,
    0x00,
    0xF0,
    0x01,
    0x00,
    0x2D,
    0x00,
    0x80,
    0x07,
    0x00,
    0xA0,
    0x00,
    0x00,
/* U+2088 ₈  11x14  adv=13 */
    0x40,
    0x6A,
    0x00,
    0xBD,
    0xFA,
    0xC1,
    0x07,
    0xF4,
    0xF4,
    0x00,
    0x78,
    0x3C,
    0x00,
    0x0F,
    0x6D,
    0xE4,
    0x02,
    0xFD,
    0x1F,
    0xD0,
    0x57,
    0x1F,
    0x3D,
    0x00,
    0x9E,
    0x0B,
    0x40,
    0xEB,
    0x02,
    0xD0,
    0xF6,
    0x01,
    0x7C,
    0xF8,
    0xEA,
    0x0B,
    0xA4,
    0x6A,
    0x00,
/* U+2089 ₉  11x14  adv=13 */
    0x40,
    0x6A,
    0x00,
    0xBD,
    0xBE,
    0xC0,
    0x07,
    0xB8,
    0xB8,
    0x00,
    0x3C,
    0x1E,
    0x00,
    0x9E,
    0x07,
    0xC0,
    0xDB,
    0x03,
    0xF4,
    0xE2,
    0x96,
    0xBF,
    0xE0,
    0xBF,
    0x2E,
    0x00,
    0x80,
    0x07,
    0x00,
    0xF4,
    0x00,
    0x40,
    0x1F,
    0xB8,
    0xFA,
    0x01,
    0xA9,
    0x06,
    0x00,
/* U+208A ₊  13x12  adv=17 */
    0x00,
    0x64,
    0x00,
    0x00,
    0xD0,
    0x01,
    0x00,
    0x40,
    0x07,
    0x00,
    0x00,
    0x1D,
    0x00,
    0x00,
    0x74,
    0x00,
    0xA8,
    0xFA,
    0xAB,
    0xAA,
    0xAA,
    0xAB,
    0x2A,
    0x00,
    0x1D,
    0x00,
    0x00,
    0x74,
    0x00,
    0x00,
    0xD0,
    0x01,
    0x00,
    0x40,
    0x07,
    0x00,
    0x00,
    0x09,
    0x00,
/* U+208B ₋  13x2  adv=17 */
    0xAA,
    0xAA,
    0xAA,
    0xAA,
    0xAA,
    0xAA,
    0x0A,
/* U+208C ₌  13x6  adv=17 */
    0xA9,
    0xAA,
    0xAA,
    0xF9,
    0xFF,
    0xFF,
    0x0B,
    0x00,
    0x00,
    0x00,
    0x00,
    0x00,
    0x00,
    0xFF,
    0xFF,
    0xFF,
    0x56,
    0x55,
    0x55,
    0x05,
/* U+208D ₍  6x17  adv=8 */
    0x00,
    0x00,
    0x38,
    0xD0,
    0x01,
    0x0F,
    0x74,
    0x80,
    0x03,
    0x3C,
    0xC0,
    0x02,
    0x2D,
    0xD0,
    0x02,
    0x2C,
    0xC0,
    0x03,
    0x78,
    0x40,
    0x0B,
    0xE0,
    0x00,
    0x1D,
    0x80,
    0x03,
/* U+208E ₎  6x17  adv=8 */
    0x00,
    0xC0,
    0x02,
    0x78,
    0x00,
    0x0B,
    0xE0,
    0x01,
    0x2D,
    0xC0,
    0x02,
    0x3C,
    0x80,
    0x03,
    0x38,
    0xC0,
    0x03,
    0x2C,
    0xD0,
    0x02,
    0x0E,
    0xB0,
    0x80,
    0x03,
    0x1C,
    0x00,
/* U+2090 ₐ  10x11  adv=13 */
    0x50,
    0x15,
    0xC0,
    0xFF,
    0x1F,
    0x18,
    0xD0,
    0x03,
    0x00,
    0x74,
    0x50,
    0xAA,
    0x87,
    0xAF,
    0xBA,
    0x1E,
    0x40,
    0xEB,
    0x00,
    0xB8,
    0x1E,
    0xD0,
    0xDB,
    0xAB,
    0xBB,
    0xA0,
    0x1A,
    0x06,
/* U+2091 ₑ  11x11  adv=13 */
    0x00,
    0x15,
    0x00,
    0xF8,
    0xBF,
    0xC0,
    0x07,
    0xB8,
    0x74,
    0x00,
    0x38,
    0x5E,
    0x55,
    0xDE,
    0xFF,
    0xFF,
    0xE7,
    0x00,
    0x00,
    0x78,
    0x00,
    0x00,
    0x7C,
    0x00,
    0x04,
    0xBD,
    0xEA,
    0x03,
    0xA4,
    0x5A,
    0x00,
/* U+2092 ₒ  11x10  adv=13 */
    0x90,
    0xBF,
    0x00,
    0x2E,
    0xF4,
    0xD0,
    0x02,
    0xB4,
    0x78,
    0x00,
    0x3C,
    0x0F,
    0x00,
    0xDE,
    0x03,
    0x80,
    0xE7,
    0x01,
    0xF0,
    0xB4,
    0x00,
    0x2D,
    0xB8,
    0xD0,
    0x03,
    0xE4,
    0x2F,
    0x00,
/* U+2093 ₓ  12x11  adv=14 */
    0x10,
    0x00,
    0x14,
    0xF4,
    0x00,
    0x2D,
    0xD0,
    0x42,
    0x0B,
    0x80,
    0xDB,
    0x03,
    0x00,
    0xFE,
    0x01,
    0x00,
    0xBC,
    0x00,
    0x00,
    0xFE,
    0x01,
    0x80,
    0xDB,
    0x03,
    0xD0,
    0x42,
    0x0B,
    0xB4,
    0x00,
    0x2E,
    0x28,
    0x00,
    0x24,
/* U+2094 ₔ  11x10  adv=13 */
    0xE4,
    0x6F,
    0x40,
    0x06,
    0xB8,
    0x00,
    0x00,
    0xB4,
    0x00,
    0x00,
    0x3C,
    0x00,
    0x00,
    0xDE,
    0xFF,
    0xFF,
    0xE7,
    0x00,
    0xE0,
    0x78,
    0x00,
    0x2D,
    0x78,
    0xD0,
    0x03,
    0xF8,
    0x1B,
    0x00,
/* U+2095 ₕ  11x14  adv=13 */
    0x2D,
    0x00,
    0x40,
    0x0B,
    0x00,
    0xD0,
    0x02,
    0x00,
    0xB4,
    0x00,
    0x00,
    0x2D,
    0xBE,
    0x41,
    0x6B,
    0xE0,
    0xD1,
    0x03,
    0xB0,
    0xB4,
    0x00,
    0x38,
    0x2D,
    0x00,
    0x4E,
    0x0B,
    0x80,
    0xD3,
    0x02,
    0xE0,
    0xB4,
    0x00,
    0x38,
    0x2D,
    0x00,
    0x4E,
    0x0B,
    0x80,
    0x03,
/* U+2096 ₖ  11x15  adv=14 */
    0x00,
    0x00,
    0x40,
    0x0B,
    0x00,
    0xD0,
    0x02,
    0x00,
    0xB4,
    0x00,
    0x00,
    0x2D,
    0x00,
    0x45,
    0x0B,
    0xE0,
    0xD1,
    0x42,
    0x1F,
    0xB4,
    0xB4,
    0x00,
    0xAD,
    0x0B,
    0x40,
    0xBF,
    0x00,
    0xD0,
    0xBA,
    0x00,
    0xB4,
    0xF4,
    0x00,
    0x2D,
    0xF4,
    0x41,
    0x0B,
    0xF0,
    0x81,
    0x01,
    0xA0,
    0x00,
/* U+2097 ₗ  3x14  adv=5 */
    0x2C,
    0xCB,
    0xB2,
    0x2C,
    0xCB,
    0xB2,
    0x2C,
    0xCB,
    0xB2,
    0x2C,
    0x0B,
/* U+2098 ₘ  17x10  adv=20 */
    0x6D,
    0xBE,
    0x81,
    0x6F,
    0xF4,
    0x46,
    0x9E,
    0x81,
    0xD7,
    0x03,
    0xF4,
    0x01,
    0x6C,
    0x0B,
    0xC0,
    0x03,
    0xF0,
    0x2D,
    0x00,
    0x0B,
    0xC0,
    0xB7,
    0x00,
    0x2C,
    0x00,
    0xDF,
    0x02,
    0xB0,
    0x00,
    0x7C,
    0x0B,
    0xC0,
    0x02,
    0xF0,
    0x2D,
    0x00,
    0x0B,
    0xC0,
    0xB7,
    0x00,
    0x2C,
    0x00,
    0x0F,
/* U+2099 ₙ  11x10  adv=13 */
    0x6D,
    0xBE,
    0x41,
    0x7F,
    0xE0,
    0xD1,
    0x03,
    0xB0,
    0xB4,
    0x00,
    0x38,
    0x2D,
    0x00,
    0x4E,
    0x0B,
    0x80,
    0xD3,
    0x02,
    0xE0,
    0xB4,
    0x00,
    0x38,
    0x2D,
    0x00,
    0x4E,
    0x0B,
    0x80,
    0x03,
/* U+209A ₚ  11x15  adv=14 */
    0x04,
    0x55,
    0x40,
    0xEB,
    0xBF,
    0xD0,
    0x0B,
    0xB4,
    0xF4,
    0x00,
    0x78,
    0x2D,
    0x00,
    0x6D,
    0x0B,
    0x40,
    0xDB,
    0x02,
    0xD0,
    0xF6,
    0x00,
    0x78,
    0xBD,
    0x00,
    0x4F,
    0xBB,
    0xFA,
    0xD1,
    0xA2,
    0x1A,
    0xB4,
    0x00,
    0x00,
    0x2D,
    0x00,
    0x40,
    0x0B,
    0x00,
    0x40,
    0x01,
    0x00,
    0x00,
/* U+209B ₛ  10x11  adv=12 */
    0x90,
    0x6A,
    0x41,
    0xAF,
    0x2E,
    0x3C,
    0x00,
    0xC0,
    0x02,
    0x00,
    0xF8,
    0x06,
    0x00,
    0xF9,
    0x1B,
    0x00,
    0xE4,
    0x03,
    0x00,
    0x78,
    0x04,
    0xC0,
    0xC3,
    0xEF,
    0x1F,
    0x50,
    0x16,
    0x00,
/* U+209C ₜ  8x14  adv=9 */
    0x00,
    0x00,
    0xB0,
    0x00,
    0xB0,
    0x00,
    0xB4,
    0x15,
    0xFD,
    0x7F,
    0xB0,
    0x00,
    0xB0,
    0x00,
    0xB0,
    0x00,
    0xB0,
    0x00,
    0xB0,
    0x00,
    0xB0,
    0x00,
    0xF0,
    0x00,
    0xE0,
    0x6B,
    0x40,
    0x69,
/* U+2103 ℃  31x23  adv=36 */
    0x90,
    0x6F,
    0x00,
    0x00,
    0x50,
    0xFE,
    0x6B,
    0x00,
    0xFE,
    0x7F,
    0x00,
    0x40,
    0xFE,
    0xFF,
    0xFF,
    0xD2,
    0x07,
    0x7D,
    0x00,
    0xF4,
    0xFF,
    0xFF,
    0xFF,
    0x7A,
    0x00,
    0x2E,
    0x40,
    0xFF,
    0x16,
    0x40,
    0xBE,
    0x0F,
    0x00,
    0x0F,
    0xF4,
    0x1F,
    0x00,
    0x00,
    0xE4,
    0x03,
    0xC0,
    0x03,
    0xFE,
    0x00,
    0x00,
    0x00,
    0xE0,
    0x01,
    0xB4,
    0xD0,
    0x1F,
    0x00,
    0x00,
    0x00,
    0xF4,
    0x41,
    0x1F,
    0xF8,
    0x03,
    0x00,
    0x00,
    0x00,
    0xF8,
    0xFF,
    0x02,
    0xBE,
    0x00,
    0x00,
    0x00,
    0x00,
    0xE4,
    0x1B,
    0xC0,
    0x1F,
    0x00,
    0x00,
    0x00,
    0x00,
    0x00,
    0x00,
    0xF0,
    0x07,
    0x00,
    0x00,
    0x00,
    0x00,
    0x00,
    0x00,
    0xFC,
    0x01,
    0x00,
    0x00,
    0x00,
    0x00,
    0x00,
    0x00,
    0x7F,
    0x00,
    0x00,
    0x00,
    0x00,
    0x00,
    0x00,
    0xC0,
    0x1F,
    0x00,
    0x00,
    0x00,
    0x00,
    0x00,
    0x00,
    0xE0,
    0x0B,
    0x00,
    0x00,
    0x00,
    0x00,
    0x00,
    0x00,
    0xF8,
    0x03,
    0x00,
    0x00,
    0x00,
    0x00,
    0x00,
    0x00,
    0xFD,
    0x01,
    0x00,
    0x00,
    0x00,
    0x00,
    0x00,
    0x00,
    0xFE,
    0x00,
    0x00,
    0x00,
    0x00,
    0x00,
    0x00,
    0x40,
    0xFF,
    0x01,
    0x00,
    0x40,
    0x02,
    0x00,
    0x00,
    0x40,
    0xFF,
    0x16,
    0x40,
    0xBE,
    0x00,
    0x00,
    0x00,
    0x40,
    0xFF,
    0xFF,
    0xFF,
    0x2F,
    0x00,
    0x00,
    0x00,
    0x40,
    0xFE,
    0xFF,
    0xFF,
    0x02,
    0x00,
    0x00,
    0x00,
    0x00,
    0xE5,
    0xBF,
    0x06,
    0x00,
/* U+2153 ⅓  28x23  adv=31 */
    0xE4,
    0x0F,
    0x00,
    0x00,
    0x80,
    0x0B,
    0x00,
    0xFF,
    0x0F,
    0x00,
    0x00,
    0xD0,
    0x03,
    0x00,
    0x5A,
    0x0F,
    0x00,
    0x00,
    0xF0,
    0x01,
    0x00,
    0x40,
    0x0F,
    0x00,
    0x00,
    0xB8,
    0x00,
    0x00,
    0x40,
    0x0F,
    0x00,
    0x00,
    0x7D,
    0x00,
    0x00,
    0x40,
    0x0F,
    0x00,
    0x00,
    0x2F,
    0x00,
    0x00,
    0x40,
    0x0F,
    0x00,
    0x80,
    0x0F,
    0x00,
    0x00,
    0x40,
    0x0F,
    0x00,
    0xD0,
    0x07,
    0x00,
    0x00,
    0x40,
    0x0F,
    0x00,
    0xE0,
    0x02,
    0x00,
    0x00,
    0x40,
    0x0F,
    0x00,
    0xF4,
    0x00,
    0x00,
    0x00,
    0x40,
    0x0F,
    0x00,
    0x7C,
    0x40,
    0xFE,
    0x06,
    0xFE,
    0xFF,
    0x03,
    0x2E,
    0xF0,
    0xFF,
    0x1F,
    0xFE,
    0xFF,
    0x43,
    0x0F,
    0x60,
    0x41,
    0x3E,
    0x00,
    0x00,
    0xC0,
    0x07,
    0x00,
    0x00,
    0x3D,
    0x00,
    0x00,
    0xE0,
    0x02,
    0x00,
    0x40,
    0x2E,
    0x00,
    0x00,
    0xF4,
    0x01,
    0x00,
    0xFE,
    0x07,
    0x00,
    0x00,
    0xBC,
    0x00,
    0x00,
    0xFE,
    0x0B,
    0x00,
    0x00,
    0x3E,
    0x00,
    0x00,
    0x40,
    0x3E,
    0x00,
    0x40,
    0x1F,
    0x00,
    0x00,
    0x00,
    0x7C,
    0x00,
    0x80,
    0x0B,
    0x00,
    0x00,
    0x00,
    0x7C,
    0x00,
    0xD0,
    0x03,
    0x00,
    0x64,
    0x40,
    0x3F,
    0x00,
    0xF0,
    0x01,
    0x00,
    0xF4,
    0xFF,
    0x1F,
    0x00,
    0xB8,
    0x00,
    0x00,
    0x90,
    0xFF,
    0x06,
/* U+2154 ⅔  29x23  adv=31 */
    0xE4,
    0x6F,
    0x00,
    0x00,
    0x00,
    0x2E,
    0x00,
    0xF4,
    0xFF,
    0x0B,
    0x00,
    0x00,
    0x3D,
    0x00,
    0x90,
    0x01,
    0xBE,
    0x00,
    0x00,
    0x7C,
    0x00,
    0x00,
    0x00,
    0xE0,
    0x02,
    0x00,
    0xB8,
    0x00,
    0x00,
    0x00,
    0x80,
    0x07,
    0x00,
    0xF4,
    0x01,
    0x00,
    0x00,
    0x40,
    0x0F,
    0x00,
    0xF0,
    0x02,
    0x00,
    0x00,
    0x40,
    0x1F,
    0x00,
    0xE0,
    0x03,
    0x00,
    0x00,
    0x40,
    0x1F,
    0x00,
    0xD0,
    0x07,
    0x00,
    0x00,
    0x40,
    0x1F,
    0x00,
    0x80,
    0x0B,
    0x00,
    0x00,
    0x80,
    0x0F,
    0x00,
    0x40,
    0x0F,
    0x00,
    0x00,
    0x80,
    0x0B,
    0x00,
    0x00,
    0x1F,
    0x90,
    0xBF,
    0x81,
    0xFF,
    0xFF,
    0x02,
    0x2E,
    0xF0,
    0xFF,
    0x1F,
    0xFE,
    0xFF,
    0x0B,
    0x3D,
    0x80,
    0x05,
    0xF9,
    0x00,
    0x00,
    0x00,
    0x7C,
    0x00,
    0x00,
    0xD0,
    0x03,
    0x00,
    0x00,
    0xB8,
    0x00,
    0x00,
    0x90,
    0x0B,
    0x00,
    0x00,
    0xF4,
    0x01,
    0x00,
    0xFE,
    0x07,
    0x00,
    0x00,
    0xF0,
    0x02,
    0x00,
    0xF8,
    0x2F,
    0x00,
    0x00,
    0xE0,
    0x03,
    0x00,
    0x00,
    0xE4,
    0x03,
    0x00,
    0xD0,
    0x07,
    0x00,
    0x00,
    0x00,
    0x1F,
    0x00,
    0x80,
    0x0B,
    0x00,
    0x00,
    0x00,
    0x7C,
    0x00,
    0x40,
    0x0F,
    0x00,
    0x90,
    0x01,
    0xFD,
    0x00,
    0x00,
    0x1F,
    0x00,
    0x40,
    0xFF,
    0xFF,
    0x01,
    0x00,
    0x2E,
    0x00,
    0x00,
    0xE4,
    0xBF,
    0x01,
/* U+2190 ←  24x15  adv=27 */
    0x00,
    0x60,
    0x00,
    0x00,
    0x00,
    0x00,
    0x00,
    0xF8,
    0x00,
    0x00,
    0x00,
    0x00,
    0x00,
    0xFE,
    0x01,
    0x00,
    0x00,
    0x00,
    0x80,
    0x7F,
    0x00,
    0x00,
    0x00,
    0x00,
    0xD0,
    0x1F,
    0x00,
    0x00,
    0x00,
    0x00,
    0xF4,
    0x07,
    0x00,
    0x00,
    0x00,
    0x00,
    0xFD,
    0xFF,
    0xFF,
    0xFF,
    0xFF,
    0xFF,
    0xFD,
    0xFF,
    0xFF,
    0xFF,
    0xFF,
    0xFF,
    0xFD,
    0xFF,
    0xFF,
    0xFF,
    0xFF,
    0xFF,
    0xF4,
    0x07,
    0x00,
    0x00,
    0x00,
    0x00,
    0xD0,
    0x1F,
    0x00,
    0x00,
    0x00,
    0x00,
    0x80,
    0x7F,
    0x00,
    0x00,
    0x00,
    0x00,
    0x00,
    0xFE,
    0x01,
    0x00,
    0x00,
    0x00,
    0x00,
    0xF8,
    0x00,
    0x00,
    0x00,
    0x00,
    0x00,
    0x60,
    0x00,
    0x00,
    0x00,
    0x00,
/* U+2191 ↑  15x23  adv=27 */
    0x00,
    0xE0,
    0x02,
    0x00,
    0x00,
    0xFE,
    0x02,
    0x00,
    0xE0,
    0xFF,
    0x02,
    0x00,
    0xFE,
    0xFF,
    0x02,
    0xE0,
    0xFB,
    0xFE,
    0x02,
    0xBF,
    0xBC,
    0xFC,
    0xC2,
    0x0B,
    0x2F,
    0xBC,
    0x80,
    0xC0,
    0x0B,
    0x08,
    0x00,
    0xF0,
    0x02,
    0x00,
    0x00,
    0xBC,
    0x00,
    0x00,
    0x00,
    0x2F,
    0x00,
    0x00,
    0xC0,
    0x0B,
    0x00,
    0x00,
    0xF0,
    0x02,
    0x00,
    0x00,
    0xBC,
    0x00,
    0x00,
    0x00,
    0x2F,
    0x00,
    0x00,
    0xC0,
    0x0B,
    0x00,
    0x00,
    0xF0,
    0x02,
    0x00,
    0x00,
    0xBC,
    0x00,
    0x00,
    0x00,
    0x2F,
    0x00,
    0x00,
    0xC0,
    0x0B,
    0x00,
    0x00,
    0xF0,
    0x02,
    0x00,
    0x00,
    0xBC,
    0x00,
    0x00,
    0x00,
    0x2F,
    0x00,
    0x00,
/* U+2192 →  25x15  adv=27 */
    0x00,
    0x00,
    0x00,
    0x00,
    0x24,
    0x00,
    0x00,
    0x00,
    0x00,
    0x00,
    0xF4,
    0x01,
    0x00,
    0x00,
    0x00,
    0x00,
    0xD0,
    0x1F,
    0x00,
    0x00,
    0x00,
    0x00,
    0x00,
    0xFD,
    0x01,
    0x00,
    0x00,
    0x00,
    0x00,
    0xE0,
    0x1F,
    0x00,
    0x00,
    0x00,
    0x00,
    0x00,
    0xFE,
    0xD1,
    0xFF,
    0xFF,
    0xFF,
    0xFF,
    0xFF,
    0x4F,
    0xFF,
    0xFF,
    0xFF,
    0xFF,
    0xFF,
    0x7F,
    0xFD,
    0xFF,
    0xFF,
    0xFF,
    0xFF,
    0xFF,
    0x00,
    0x00,
    0x00,
    0x00,
    0x00,
    0xFE,
    0x01,
    0x00,
    0x00,
    0x00,
    0x00,
    0xFE,
    0x01,
    0x00,
    0x00,
    0x00,
    0x00,
    0xFD,
    0x01,
    0x00,
    0x00,
    0x00,
    0x00,
    0xFD,
    0x01,
    0x00,
    0x00,
    0x00,
    0x00,
    0xF4,
    0x01,
    0x00,
    0x00,
    0x00,
    0x00,
    0x40,
    0x02,
    0x00,
/* U+2193 ↓  15x23  adv=27 */
    0x00,
    0xF0,
    0x02,
    0x00,
    0x00,
    0xBC,
    0x00,
    0x00,
    0x00,
    0x2F,
    0x00,
    0x00,
    0xC0,
    0x0B,
    0x00,
    0x00,
    0xF0,
    0x02,
    0x00,
    0x00,
    0xBC,
    0x00,
    0x00,
    0x00,
    0x2F,
    0x00,
    0x00,
    0xC0,
    0x0B,
    0x00,
    0x00,
    0xF0,
    0x02,
    0x00,
    0x00,
    0xBC,
    0x00,
    0x00,
    0x00,
    0x2F,
    0x00,
    0x00,
    0xC0,
    0x0B,
    0x00,
    0x00,
    0xF0,
    0x02,
    0x00,
    0x00,
    0xBC,
    0x00,
    0x00,
    0x00,
    0x2F,
    0x00,
    0x80,
    0xC0,
    0x0B,
    0x08,
    0xBC,
    0xF0,
    0xC2,
    0x0B,
    0xBF,
    0xBC,
    0xFC,
    0x02,
    0xBE,
    0xEF,
    0x2F,
    0x00,
    0xFE,
    0xFF,
    0x02,
    0x00,
    0xFE,
    0x2F,
    0x00,
    0x00,
    0xFE,
    0x02,
    0x00,
    0x00,
    0x2E,
    0x00,
    0x00,
/* U+21CC ⇌  25x21  adv=27 */
    0x00,
    0x00,
    0x00,
    0x00,
    0x24,
    0x00,
    0x00,
    0x00,
    0x00,
    0x00,
    0xF4,
    0x01,
    0x00,
    0x00,
    0x00,
    0x00,
    0xD0,
    0x1F,
    0x00,
    0x00,
    0x00,
    0x00,
    0x00,
    0xFD,
    0x01,
    0x00,
    0x00,
    0x00,
    0x00,
    0xE0,
    0x1F,
    0x00,
    0x00,
    0x00,
    0x00,
    0x00,
    0xFE,
    0xD1,
    0xFF,
    0xFF,
    0xFF,
    0xFF,
    0xFF,
    0x4F,
    0xFF,
    0xFF,
    0xFF,
    0xFF,
    0xFF,
    0x7F,
    0xFD,
    0xFF,
    0xFF,
    0xFF,
    0xFF,
    0xFF,
    0x01,
    0x00,
    0x00,
    0x00,
    0x00,
    0x00,
    0x00,
    0x00,
    0x00,
    0x00,
    0x00,
    0x00,
    0x00,
    0x00,
    0x00,
    0x00,
    0x00,
    0x00,
    0x00,
    0xFD,
    0xFF,
    0xFF,
    0xFF,
    0xFF,
    0xFF,
    0xF4,
    0xFF,
    0xFF,
    0xFF,
    0xFF,
    0xFF,
    0xD3,
    0xFF,
    0xFF,
    0xFF,
    0xFF,
    0xFF,
    0x0F,
    0xFD,
    0x01,
    0x00,
    0x00,
    0x00,
    0x00,
    0xD0,
    0x1F,
    0x00,
    0x00,
    0x00,
    0x00,
    0x00,
    0xFE,
    0x01,
    0x00,
    0x00,
    0x00,
    0x00,
    0xE0,
    0x1F,
    0x00,
    0x00,
    0x00,
    0x00,
    0x00,
    0x3E,
    0x00,
    0x00,
    0x00,
    0x00,
    0x00,
    0x60,
    0x00,
    0x00,
    0x00,
    0x00,
    0x00,
/* U+2202 ∂  15x23  adv=17 */
    0x00,
    0x00,
    0x00,
    0x00,
    0xC0,
    0xFF,
    0x06,
    0x00,
    0xF4,
    0xFF,
    0x0B,
    0x00,
    0x58,
    0xF9,
    0x0B,
    0x00,
    0x00,
    0xF4,
    0x03,
    0x00,
    0x00,
    0xF8,
    0x01,
    0x00,
    0x00,
    0xBC,
    0x00,
    0x00,
    0x00,
    0x3F,
    0x00,
    0x00,
    0xC0,
    0x0F,
    0x80,
    0x6F,
    0xE0,
    0x03,
    0xFD,
    0xBF,
    0xFC,
    0xC0,
    0x5F,
    0xB9,
    0x3F,
    0xF8,
    0x01,
    0xF8,
    0x0B,
    0x3F,
    0x00,
    0xFC,
    0xD2,
    0x0B,
    0x00,
    0x7E,
    0xF4,
    0x01,
    0x80,
    0x0F,
    0x7D,
    0x00,
    0xF4,
    0x42,
    0x1F,
    0x00,
    0x7E,
    0xD0,
    0x07,
    0xD0,
    0x0B,
    0xF0,
    0x02,
    0xFD,
    0x00,
    0xF4,
    0xEB,
    0x1F,
    0x00,
    0xF4,
    0xBF,
    0x00,
    0x00,
    0x50,
    0x01,
    0x00,
    0x00,
/* U+2211 ∑  21x29  adv=22 */
    0xFC,
    0xFF,
    0xFF,
    0xFF,
    0xFF,
    0xF2,
    0xFF,
    0xFF,
    0xFF,
    0xFF,
    0xCB,
    0xFF,
    0xFF,
    0xFF,
    0xFF,
    0x2F,
    0xFD,
    0x03,
    0x00,
    0x00,
    0x00,
    0xE0,
    0x3F,
    0x00,
    0x00,
    0x00,
    0x00,
    0xFE,
    0x02,
    0x00,
    0x00,
    0x00,
    0xE0,
    0x2F,
    0x00,
    0x00,
    0x00,
    0x00,
    0xFE,
    0x02,
    0x00,
    0x00,
    0x00,
    0xE0,
    0x2F,
    0x00,
    0x00,
    0x00,
    0x00,
    0xFE,
    0x02,
    0x00,
    0x00,
    0x00,
    0xE0,
    0x2F,
    0x00,
    0x00,
    0x00,
    0x00,
    0xFF,
    0x01,
    0x00,
    0x00,
    0x00,
    0xF0,
    0x1F,
    0x00,
    0x00,
    0x00,
    0x00,
    0xFF,
    0x01,
    0x00,
    0x00,
    0x00,
    0xF8,
    0x0B,
    0x00,
    0x00,
    0x00,
    0xF4,
    0x0B,
    0x00,
    0x00,
    0x00,
    0xF4,
    0x0F,
    0x00,
    0x00,
    0x00,
    0xF4,
    0x0F,
    0x00,
    0x00,
    0x00,
    0xF4,
    0x0F,
    0x00,
    0x00,
    0x00,
    0xF0,
    0x1F,
    0x00,
    0x00,
    0x00,
    0xF0,
    0x1F,
    0x00,
    0x00,
    0x00,
    0xE0,
    0x1F,
    0x00,
    0x00,
    0x00,
    0xE0,
    0x1F,
    0x00,
    0x00,
    0x00,
    0xE0,
    0x1F,
    0x00,
    0x00,
    0x00,
    0xE0,
    0x2F,
    0x00,
    0x00,
    0x00,
    0xE0,
    0x2F,
    0x00,
    0x00,
    0x00,
    0xD0,
    0xFF,
    0xFF,
    0xFF,
    0xFF,
    0xBF,
    0xFF,
    0xFF,
    0xFF,
    0xFF,
    0xFF,
    0xFE,
    0xFF,
    0xFF,
    0xFF,
    0xFF,
    0x03,
/* U+221A √  20x27  adv=20 */
    0x00,
    0x00,
    0x00,
    0x00,
    0x7E,
    0x00,
    0x00,
    0x00,
    0x00,
    0x7F,
    0x00,
    0x00,
    0x00,
    0x40,
    0x07,
    0x00,
    0x00,
    0x00,
    0xC0,
    0x03,
    0x00,
    0x00,
    0x00,
    0xD0,
    0x02,
    0x00,
    0x00,
    0x00,
    0xE0,
    0x01,
    0x00,
    0x00,
    0x00,
    0xF0,
    0x00,
    0x00,
    0x00,
    0x00,
    0xB4,
    0x00,
    0x00,
    0x00,
    0x00,
    0x78,
    0x00,
    0x00,
    0x00,
    0x00,
    0x2C,
    0x00,
    0x00,
    0x00,
    0x00,
    0x1D,
    0x00,
    0x90,
    0x01,
    0x00,
    0x0E,
    0x00,
    0xFE,
    0x03,
    0x00,
    0x0B,
    0x00,
    0xE6,
    0x07,
    0x80,
    0x07,
    0x00,
    0xD0,
    0x0B,
    0xC0,
    0x03,
    0x00,
    0xC0,
    0x0F,
    0xD0,
    0x02,
    0x00,
    0x40,
    0x1F,
    0xE0,
    0x01,
    0x00,
    0x00,
    0x2F,
    0xF0,
    0x00,
    0x00,
    0x00,
    0x3E,
    0x74,
    0x00,
    0x00,
    0x00,
    0x7D,
    0x38,
    0x00,
    0x00,
    0x00,
    0xFC,
    0x2C,
    0x00,
    0x00,
    0x00,
    0xF8,
    0x1E,
    0x00,
    0x00,
    0x00,
    0xF4,
    0x0F,
    0x00,
    0x00,
    0x00,
    0xF0,
    0x0B,
    0x00,
    0x00,
    0x00,
    0xE0,
    0x07,
    0x00,
    0x00,
    0x00,
    0xD0,
    0x03,
    0x00,
    0x00,
    0x00,
    0xC0,
    0x01,
    0x00,
    0x00,
/* U+221E ∞  21x13  adv=27 */
    0x40,
    0x19,
    0x00,
    0x54,
    0x01,
    0x80,
    0xFF,
    0x07,
    0xF8,
    0x7F,
    0x40,
    0xAF,
    0x7F,
    0xF8,
    0xEA,
    0x03,
    0x0F,
    0xE0,
    0xF7,
    0x01,
    0x2D,
    0x1D,
    0x00,
    0xFE,
    0x01,
    0xE0,
    0x34,
    0x00,
    0xF4,
    0x02,
    0x40,
    0xE3,
    0x00,
    0x80,
    0x07,
    0x00,
    0x5D,
    0x03,
    0x00,
    0x3F,
    0x00,
    0x38,
    0x1D,
    0x00,
    0xFE,
    0x02,
    0xF0,
    0xF0,
    0x01,
    0x6E,
    0x2F,
    0xD0,
    0x42,
    0xAF,
    0x7F,
    0xF4,
    0xFB,
    0x03,
    0xF4,
    0x7F,
    0x40,
    0xFF,
    0x03,
    0x00,
    0x15,
    0x00,
    0x50,
    0x01,
    0x00,
/* U+2220 ∠  24x24  adv=29 */
    0x00,
    0x00,
    0x00,
    0x00,
    0x15,
    0x00,
    0x00,
    0x00,
    0x00,
    0xC0,
    0x3F,
    0x00,
    0x00,
    0x00,
    0x00,
    0xE0,
    0x1F,
    0x00,
    0x00,
    0x00,
    0x00,
    0xF4,
    0x0B,
    0x00,
    0x00,
    0x00,
    0x00,
    0xF8,
    0x03,
    0x00,
    0x00,
    0x00,
    0x00,
    0xFD,
    0x01,
    0x00,
    0x00,
    0x00,
    0x00,
    0xBF,
    0x00,
    0x00,
    0x00,
    0x00,
    0x80,
    0x3F,
    0x00,
    0x00,
    0x00,
    0x00,
    0xD0,
    0x1F,
    0x00,
    0x00,
    0x00,
    0x00,
    0xF0,
    0x0B,
    0x00,
    0x00,
    0x00,
    0x00,
    0xF8,
    0x07,
    0x00,
    0x00,
    0x00,
    0x00,
    0xFD,
    0x02,
    0x00,
    0x00,
    0x00,
    0x00,
    0xFF,
    0x00,
    0x00,
    0x00,
    0x00,
    0x80,
    0x7F,
    0x00,
    0x00,
    0x00,
    0x00,
    0xD0,
    0x2F,
    0x00,
    0x00,
    0x00,
    0x00,
    0xE0,
    0x0F,
    0x00,
    0x00,
    0x00,
    0x00,
    0xF4,
    0x07,
    0x00,
    0x00,
    0x00,
    0x00,
    0xFC,
    0x02,
    0x00,
    0x00,
    0x00,
    0x00,
    0xFE,
    0x00,
    0x00,
    0x00,
    0x00,
    0x40,
    0x7F,
    0x00,
    0x00,
    0x00,
    0x00,
    0xC0,
    0x3F,
    0x00,
    0x00,
    0x00,
    0x00,
    0xE0,
    0xFF,
    0xFF,
    0xFF,
    0xFF,
    0x3F,
    0xF4,
    0xFF,
    0xFF,
    0xFF,
    0xFF,
    0x3F,
    0xFC,
    0xFF,
    0xFF,
    0xFF,
    0xFF,
    0x3F,
/* U+2225 ∥  8x32  adv=16 */
    0x2A,
    0xA8,
    0x2E,
    0xB8,
    0x2E,
    0xB8,
    0x2E,
    0xB8,
    0x2E,
    0xB8,
    0x2E,
    0xB8,
    0x2E,
    0xB8,
    0x2E,
    0xB8,
    0x2E,
    0xB8,
    0x2E,
    0xB8,
    0x2E,
    0xB8,
    0x2E,
    0xB8,
    0x2E,
    0xB8,
    0x2E,
    0xB8,
    0x2E,
    0xB8,
    0x2E,
    0xB8,
    0x2E,
    0xB8,
    0x2E,
    0xB8,
    0x2E,
    0xB8,
    0x2E,
    0xB8,
    0x2E,
    0xB8,
    0x2E,
    0xB8,
    0x2E,
    0xB8,
    0x2E,
    0xB8,
    0x2E,
    0xB8,
    0x2E,
    0xB8,
    0x2E,
    0xB8,
    0x2E,
    0xB8,
    0x2E,
    0xB8,
    0x2E,
    0xB8,
    0x2E,
    0xB8,
    0x2E,
    0xB8,
/* U+222B ∫  14x32  adv=17 */
    0x00,
    0x00,
    0x10,
    0x00,
    0x00,
    0xE0,
    0x1F,
    0x00,
    0x80,
    0xFF,
    0x03,
    0x00,
    0xBC,
    0xBD,
    0x00,
    0xD0,
    0x87,
    0x0B,
    0x00,
    0x7D,
    0x00,
    0x00,
    0xE0,
    0x03,
    0x00,
    0x00,
    0x3E,
    0x00,
    0x00,
    0xE0,
    0x03,
    0x00,
    0x00,
    0x3E,
    0x00,
    0x00,
    0xE0,
    0x03,
    0x00,
    0x00,
    0x3E,
    0x00,
    0x00,
    0xE0,
    0x02,
    0x00,
    0x00,
    0x2F,
    0x00,
    0x00,
    0xF0,
    0x02,
    0x00,
    0x00,
    0x2F,
    0x00,
    0x00,
    0xF0,
    0x02,
    0x00,
    0x00,
    0x2F,
    0x00,
    0x00,
    0xF0,
    0x02,
    0x00,
    0x00,
    0x1F,
    0x00,
    0x00,
    0xF4,
    0x01,
    0x00,
    0x40,
    0x1F,
    0x00,
    0x00,
    0xF4,
    0x01,
    0x00,
    0x40,
    0x1F,
    0x00,
    0x00,
    0xF4,
    0x01,
    0x00,
    0x40,
    0x1F,
    0x00,
    0x00,
    0xF4,
    0x00,
    0x40,
    0x82,
    0x0F,
    0x00,
    0x7C,
    0xF8,
    0x00,
    0x80,
    0xEF,
    0x0B,
    0x00,
    0xF4,
    0x3F,
    0x00,
    0x00,
    0xA8,
    0x00,
    0x00,
/* U+2248 ≈  21x13  adv=27 */
    0x00,
    0x00,
    0x00,
    0x00,
    0x00,
    0x00,
    0xF9,
    0x1B,
    0x00,
    0x00,
    0x46,
    0xFF,
    0xFF,
    0x5B,
    0x90,
    0x5F,
    0xFF,
    0xFF,
    0xFF,
    0xFF,
    0x7F,
    0x7E,
    0x41,
    0xF9,
    0xFF,
    0x7F,
    0x28,
    0x00,
    0x00,
    0xF9,
    0x1B,
    0x00,
    0x00,
    0x00,
    0x00,
    0x00,
    0x00,
    0x90,
    0xBF,
    0x01,
    0x00,
    0x60,
    0xF4,
    0xFF,
    0xBF,
    0x05,
    0xF9,
    0xF5,
    0xFF,
    0xFF,
    0xFF,
    0xFF,
    0xE7,
    0x1B,
    0x94,
    0xFF,
    0xFF,
    0x87,
    0x02,
    0x00,
    0x90,
    0xBF,
    0x01,
    0x00,
    0x00,
    0x00,
    0x00,
    0x00,
    0x00,
/* U+2260 ≠  21x20  adv=27 */
    0x00,
    0x00,
    0x00,
    0x00,
    0x06,
    0x00,
    0x00,
    0x00,
    0x00,
    0x3E,
    0x00,
    0x00,
    0x00,
    0x00,
    0xBE,
    0x00,
    0x00,
    0x00,
    0x00,
    0xFD,
    0x00,
    0x00,
    0x00,
    0x00,
    0xFD,
    0x00,
    0xF8,
    0xFF,
    0xFF,
    0xFF,
    0xFF,
    0xE7,
    0xFF,
    0xFF,
    0xFF,
    0xFF,
    0x9F,
    0xFF,
    0xFF,
    0xFF,
    0xFF,
    0x7F,
    0x00,
    0x00,
    0xF0,
    0x07,
    0x00,
    0x00,
    0x00,
    0xE0,
    0x07,
    0x00,
    0x00,
    0x00,
    0xE0,
    0x0B,
    0x00,
    0x00,
    0x00,
    0xD0,
    0x0F,
    0x00,
    0x00,
    0xFE,
    0xFF,
    0xFF,
    0xFF,
    0xFF,
    0xF9,
    0xFF,
    0xFF,
    0xFF,
    0xFF,
    0xE7,
    0xFF,
    0xFF,
    0xFF,
    0xFF,
    0x1F,
    0x40,
    0x3F,
    0x00,
    0x00,
    0x00,
    0x40,
    0x7F,
    0x00,
    0x00,
    0x00,
    0x00,
    0x7F,
    0x00,
    0x00,
    0x00,
    0x00,
    0xBD,
    0x00,
    0x00,
    0x00,
    0x00,
    0x90,
    0x00,
    0x00,
    0x00,
    0x00,
/* U+2264 ≤  21x19  adv=27 */
    0x00,
    0x00,
    0x00,
    0x00,
    0x94,
    0x01,
    0x00,
    0x00,
    0x40,
    0xFE,
    0x07,
    0x00,
    0x00,
    0xE5,
    0xFF,
    0x1F,
    0x00,
    0x90,
    0xFF,
    0xFF,
    0x06,
    0x40,
    0xF9,
    0xFF,
    0x1B,
    0x00,
    0xE4,
    0xFF,
    0xBF,
    0x01,
    0x00,
    0xE0,
    0xFF,
    0x06,
    0x00,
    0x00,
    0x80,
    0xFF,
    0x1B,
    0x00,
    0x00,
    0x00,
    0xF9,
    0xFF,
    0x6F,
    0x00,
    0x00,
    0x00,
    0xE5,
    0xFF,
    0x6F,
    0x00,
    0x00,
    0x00,
    0xE4,
    0xFF,
    0xBF,
    0x01,
    0x00,
    0x00,
    0x94,
    0xFF,
    0x7F,
    0x00,
    0x00,
    0x00,
    0x90,
    0xFF,
    0x01,
    0x00,
    0x00,
    0x00,
    0x50,
    0x06,
    0x00,
    0x00,
    0x00,
    0x00,
    0x00,
    0x00,
    0x00,
    0x00,
    0x00,
    0x00,
    0xFE,
    0xFF,
    0xFF,
    0xFF,
    0xFF,
    0xF9,
    0xFF,
    0xFF,
    0xFF,
    0xFF,
    0xE7,
    0xFF,
    0xFF,
    0xFF,
    0xFF,
    0x1F,
/* U+2265 ≥  21x19  adv=27 */
    0x1A,
    0x00,
    0x00,
    0x00,
    0x00,
    0xF8,
    0x6F,
    0x00,
    0x00,
    0x00,
    0xD0,
    0xFF,
    0x6F,
    0x00,
    0x00,
    0x00,
    0xE4,
    0xFF,
    0xBF,
    0x01,
    0x00,
    0x00,
    0x94,
    0xFF,
    0xBF,
    0x01,
    0x00,
    0x00,
    0x90,
    0xFF,
    0xFF,
    0x02,
    0x00,
    0x00,
    0x50,
    0xFE,
    0x1F,
    0x00,
    0x00,
    0x40,
    0xF9,
    0x7F,
    0x00,
    0x00,
    0xE4,
    0xFF,
    0xBF,
    0x00,
    0x50,
    0xFE,
    0xFF,
    0x06,
    0x00,
    0xF9,
    0xFF,
    0x6F,
    0x00,
    0x80,
    0xFF,
    0xBF,
    0x01,
    0x00,
    0x00,
    0xFE,
    0x1B,
    0x00,
    0x00,
    0x00,
    0x68,
    0x00,
    0x00,
    0x00,
    0x00,
    0x00,
    0x00,
    0x00,
    0x00,
    0x00,
    0x00,
    0x00,
    0x00,
    0x00,
    0x00,
    0x00,
    0xFE,
    0xFF,
    0xFF,
    0xFF,
    0xFF,
    0xF9,
    0xFF,
    0xFF,
    0xFF,
    0xFF,
    0xE7,
    0xFF,
    0xFF,
    0xFF,
    0xFF,
    0x1F,
/* U+22A5 ⊥  24x23  adv=28 */
    0x00,
    0x00,
    0x40,
    0x01,
    0x00,
    0x00,
    0x00,
    0x00,
    0xC0,
    0x03,
    0x00,
    0x00,
    0x00,
    0x00,
    0xC0,
    0x03,
    0x00,
    0x00,
    0x00,
    0x00,
    0xC0,
    0x03,
    0x00,
    0x00,
    0x00,
    0x00,
    0xC0,
    0x03,
    0x00,
    0x00,
    0x00,
    0x00,
    0xC0,
    0x03,
    0x00,
    0x00,
    0x00,
    0x00,
    0xC0,
    0x03,
    0x00,
    0x00,
    0x00,
    0x00,
    0xC0,
    0x03,
    0x00,
    0x00,
    0x00,
    0x00,
    0xC0,
    0x03,
    0x00,
    0x00,
    0x00,
    0x00,
    0xC0,
    0x03,
    0x00,
    0x00,
    0x00,
    0x00,
    0xC0,
    0x03,
    0x00,
    0x00,
    0x00,
    0x00,
    0xC0,
    0x03,
    0x00,
    0x00,
    0x00,
    0x00,
    0xC0,
    0x03,
    0x00,
    0x00,
    0x00,
    0x00,
    0xC0,
    0x03,
    0x00,
    0x00,
    0x00,
    0x00,
    0xC0,
    0x03,
    0x00,
    0x00,
    0x00,
    0x00,
    0xC0,
    0x03,
    0x00,
    0x00,
    0x00,
    0x00,
    0xC0,
    0x03,
    0x00,
    0x00,
    0x00,
    0x00,
    0xC0,
    0x03,
    0x00,
    0x00,
    0x00,
    0x00,
    0xC0,
    0x03,
    0x00,
    0x00,
    0x00,
    0x00,
    0xC0,
    0x03,
    0x00,
    0x00,
    0x00,
    0x00,
    0xC0,
    0x03,
    0x00,
    0x00,
    0xFD,
    0xFF,
    0xFF,
    0xFF,
    0xFF,
    0x3F,
    0xFD,
    0xFF,
    0xFF,
    0xFF,
    0xFF,
    0x3F,
/* U+2460 ①  25x25  adv=29 */
    0x00,
    0x00,
    0x94,
    0x1A,
    0x00,
    0x00,
    0x00,
    0x00,
    0xFE,
    0xEA,
    0x1F,
    0x00,
    0x00,
    0x40,
    0x1F,
    0x00,
    0xE4,
    0x07,
    0x00,
    0x80,
    0x07,
    0x00,
    0x00,
    0x78,
    0x00,
    0x80,
    0x07,
    0x00,
    0x00,
    0x40,
    0x07,
    0x40,
    0x07,
    0xA4,
    0x2F,
    0x00,
    0x74,
    0x00,
    0x07,
    0xF8,
    0xFF,
    0x00,
    0x80,
    0x02,
    0x0E,
    0xE0,
    0xFB,
    0x03,
    0x00,
    0x1D,
    0x1C,
    0x00,
    0xC0,
    0x0F,
    0x00,
    0xA0,
    0x34,
    0x00,
    0x00,
    0x3F,
    0x00,
    0x40,
    0xD3,
    0x00,
    0x00,
    0xFC,
    0x00,
    0x00,
    0x8C,
    0x02,
    0x00,
    0xF0,
    0x03,
    0x00,
    0x70,
    0x0A,
    0x00,
    0xC0,
    0x0F,
    0x00,
    0xC0,
    0x29,
    0x00,
    0x00,
    0x3F,
    0x00,
    0x00,
    0xD7,
    0x00,
    0x00,
    0xFC,
    0x00,
    0x00,
    0x4D,
    0x03,
    0x00,
    0xF0,
    0x03,
    0x00,
    0x34,
    0x1C,
    0x00,
    0xC0,
    0x0F,
    0x00,
    0xA0,
    0xD0,
    0x00,
    0x55,
    0x7F,
    0x05,
    0xD0,
    0x00,
    0x0B,
    0xF4,
    0xFF,
    0x7F,
    0xC0,
    0x02,
    0x74,
    0x90,
    0xAA,
    0xAA,
    0x81,
    0x03,
    0x40,
    0x07,
    0x00,
    0x00,
    0x80,
    0x03,
    0x00,
    0xB4,
    0x00,
    0x00,
    0xD0,
    0x03,
    0x00,
    0x40,
    0x6E,
    0x00,
    0xE5,
    0x02,
    0x00,
    0x00,
    0x90,
    0xFF,
    0xBF,
    0x00,
    0x00,
    0x00,
    0x00,
    0x40,
    0x05,
    0x00,
    0x00,
    0x00,
/* U+2461 ②  25x25  adv=29 */
    0x00,
    0x00,
    0x94,
    0x1A,
    0x00,
    0x00,
    0x00,
    0x00,
    0xFE,
    0xEA,
    0x1F,
    0x00,
    0x00,
    0x40,
    0x1F,
    0x00,
    0xE4,
    0x07,
    0x00,
    0x80,
    0x07,
    0x00,
    0x00,
    0x78,
    0x00,
    0x80,
    0x07,
    0x00,
    0x00,
    0x40,
    0x07,
    0x40,
    0x07,
    0xE4,
    0xBF,
    0x01,
    0x74,
    0x00,
    0x07,
    0xF8,
    0xFF,
    0x1F,
    0x80,
    0x02,
    0x0E,
    0xE0,
    0x56,
    0xFD,
    0x01,
    0x1D,
    0x1C,
    0x40,
    0x00,
    0xD0,
    0x0B,
    0xA0,
    0x34,
    0x00,
    0x00,
    0x40,
    0x2F,
    0x40,
    0xD3,
    0x00,
    0x00,
    0x00,
    0x7E,
    0x00,
    0x8C,
    0x02,
    0x00,
    0x00,
    0xFD,
    0x00,
    0x70,
    0x0A,
    0x00,
    0x00,
    0xFD,
    0x01,
    0xC0,
    0x29,
    0x00,
    0x00,
    0xFD,
    0x01,
    0x00,
    0xD7,
    0x00,
    0x00,
    0xFD,
    0x01,
    0x00,
    0x4D,
    0x03,
    0x00,
    0xFD,
    0x01,
    0x00,
    0x34,
    0x1C,
    0x00,
    0xFD,
    0x00,
    0x00,
    0xA0,
    0xD0,
    0x00,
    0xFE,
    0x56,
    0x15,
    0xD0,
    0x00,
    0x0B,
    0xFC,
    0xFF,
    0xBF,
    0xC0,
    0x02,
    0x74,
    0xA0,
    0xAA,
    0xAA,
    0x82,
    0x03,
    0x40,
    0x07,
    0x00,
    0x00,
    0x80,
    0x03,
    0x00,
    0xB4,
    0x00,
    0x00,
    0xD0,
    0x03,
    0x00,
    0x40,
    0x6E,
    0x00,
    0xE5,
    0x02,
    0x00,
    0x00,
    0x90,
    0xFF,
    0xBF,
    0x00,
    0x00,
    0x00,
    0x00,
    0x40,
    0x05,
    0x00,
    0x00,
    0x00,
/* U+2462 ③  25x25  adv=29 */
    0x00,
    0x00,
    0x94,
    0x1A,
    0x00,
    0x00,
    0x00,
    0x00,
    0xFE,
    0xEA,
    0x1F,
    0x00,
    0x00,
    0x40,
    0x1F,
    0x00,
    0xE4,
    0x07,
    0x00,
    0x80,
    0x07,
    0x00,
    0x00,
    0x78,
    0x00,
    0x80,
    0x07,
    0x00,
    0x00,
    0x40,
    0x07,
    0x40,
    0x07,
    0xE4,
    0xFF,
    0x02,
    0x74,
    0x00,
    0x07,
    0xF0,
    0xFF,
    0x7F,
    0x80,
    0x02,
    0x0E,
    0x80,
    0x16,
    0xF9,
    0x03,
    0x1D,
    0x1C,
    0x00,
    0x00,
    0x80,
    0x1F,
    0xA0,
    0x34,
    0x00,
    0x00,
    0x00,
    0x3E,
    0x40,
    0xD3,
    0x00,
    0x00,
    0x40,
    0xBE,
    0x00,
    0x8C,
    0x02,
    0x00,
    0xF8,
    0xFF,
    0x00,
    0x70,
    0x0A,
    0x00,
    0xE0,
    0xFF,
    0x07,
    0xC0,
    0x29,
    0x00,
    0x00,
    0x90,
    0x3F,
    0x00,
    0xD7,
    0x00,
    0x00,
    0x00,
    0xF8,
    0x01,
    0x4D,
    0x03,
    0x00,
    0x00,
    0xD0,
    0x0B,
    0x34,
    0x1C,
    0x00,
    0x00,
    0x80,
    0x1F,
    0xA0,
    0xD0,
    0x00,
    0x6D,
    0x95,
    0x3F,
    0xD0,
    0x00,
    0x0B,
    0xF4,
    0xFF,
    0x7F,
    0xC0,
    0x02,
    0x74,
    0x40,
    0xFE,
    0x2B,
    0x80,
    0x03,
    0x40,
    0x07,
    0x00,
    0x00,
    0x80,
    0x03,
    0x00,
    0xB4,
    0x00,
    0x00,
    0xD0,
    0x03,
    0x00,
    0x40,
    0x6E,
    0x00,
    0xE5,
    0x02,
    0x00,
    0x00,
    0x90,
    0xFF,
    0xBF,
    0x00,
    0x00,
    0x00,
    0x00,
    0x40,
    0x05,
    0x00,
    0x00,
    0x00,
/* U+2463 ④  25x25  adv=29 */
    0x00,
    0x00,
    0x94,
    0x1A,
    0x00,
    0x00,
    0x00,
    0x00,
    0xFE,
    0xEA,
    0x1F,
    0x00,
    0x00,
    0x40,
    0x1F,
    0x00,
    0xE4,
    0x07,
    0x00,
    0x80,
    0x07,
    0x00,
    0x00,
    0x78,
    0x00,
    0x80,
    0x07,
    0x00,
    0x00,
    0x40,
    0x07,
    0x40,
    0x07,
    0x00,
    0xF8,
    0x01,
    0x74,
    0x00,
    0x07,
    0x00,
    0xF8,
    0x0B,
    0x80,
    0x02,
    0x0E,
    0x00,
    0xF4,
    0x2F,
    0x00,
    0x1D,
    0x1C,
    0x00,
    0xF4,
    0xBF,
    0x00,
    0xA0,
    0x34,
    0x00,
    0xE0,
    0xF6,
    0x02,
    0x40,
    0xD3,
    0x00,
    0xE0,
    0xD3,
    0x0B,
    0x00,
    0x8C,
    0x02,
    0xD0,
    0x47,
    0x2F,
    0x00,
    0x70,
    0x0A,
    0xC0,
    0x0B,
    0xBD,
    0x00,
    0xC0,
    0x29,
    0x80,
    0x0F,
    0xF4,
    0x02,
    0x00,
    0xD7,
    0x40,
    0xBF,
    0xEA,
    0xAF,
    0x00,
    0x4D,
    0x03,
    0xFD,
    0xFF,
    0xFF,
    0x02,
    0x34,
    0x1C,
    0x50,
    0x55,
    0xBE,
    0x05,
    0xA0,
    0xD0,
    0x00,
    0x00,
    0xF4,
    0x02,
    0xD0,
    0x00,
    0x0B,
    0x00,
    0xD0,
    0x0B,
    0xC0,
    0x02,
    0x74,
    0x00,
    0x40,
    0x1A,
    0x80,
    0x03,
    0x40,
    0x07,
    0x00,
    0x00,
    0x80,
    0x03,
    0x00,
    0xB4,
    0x00,
    0x00,
    0xD0,
    0x03,
    0x00,
    0x40,
    0x6E,
    0x00,
    0xE5,
    0x02,
    0x00,
    0x00,
    0x90,
    0xFF,
    0xBF,
    0x00,
    0x00,
    0x00,
    0x00,
    0x40,
    0x05,
    0x00,
    0x00,
    0x00,
/* U+2464 ⑤  25x25  adv=29 */
    0x00,
    0x00,
    0x94,
    0x1A,
    0x00,
    0x00,
    0x00,
    0x00,
    0xFE,
    0xEA,
    0x1F,
    0x00,
    0x00,
    0x40,
    0x1F,
    0x00,
    0xE4,
    0x07,
    0x00,
    0x80,
    0x07,
    0x00,
    0x00,
    0x78,
    0x00,
    0x80,
    0x07,
    0x00,
    0x00,
    0x40,
    0x07,
    0x40,
    0x07,
    0xF8,
    0xFF,
    0x0F,
    0x74,
    0x00,
    0x07,
    0xF0,
    0xFF,
    0x3F,
    0x80,
    0x02,
    0x0E,
    0xC0,
    0x5F,
    0x55,
    0x00,
    0x1D,
    0x1C,
    0x00,
    0x2F,
    0x00,
    0x00,
    0xA0,
    0x34,
    0x00,
    0xBC,
    0x00,
    0x00,
    0x40,
    0xD3,
    0x00,
    0xF0,
    0xFF,
    0x06,
    0x00,
    0x8C,
    0x02,
    0xC0,
    0xFF,
    0xBF,
    0x00,
    0x70,
    0x0A,
    0x00,
    0x16,
    0xF5,
    0x0B,
    0xC0,
    0x29,
    0x00,
    0x00,
    0x40,
    0x3F,
    0x00,
    0xD7,
    0x00,
    0x00,
    0x00,
    0xF8,
    0x00,
    0x4D,
    0x03,
    0x00,
    0x00,
    0xF0,
    0x03,
    0x34,
    0x1C,
    0x00,
    0x00,
    0xD0,
    0x0F,
    0xA0,
    0xD0,
    0x00,
    0x5A,
    0xD5,
    0x1F,
    0xD0,
    0x00,
    0x0B,
    0xF8,
    0xFF,
    0x2F,
    0xC0,
    0x02,
    0x74,
    0x90,
    0xFF,
    0x1B,
    0x80,
    0x03,
    0x40,
    0x07,
    0x00,
    0x00,
    0x80,
    0x03,
    0x00,
    0xB4,
    0x00,
    0x00,
    0xD0,
    0x03,
    0x00,
    0x40,
    0x6E,
    0x00,
    0xE5,
    0x02,
    0x00,
    0x00,
    0x90,
    0xFF,
    0xBF,
    0x00,
    0x00,
    0x00,
    0x00,
    0x40,
    0x05,
    0x00,
    0x00,
    0x00,
/* U+2465 ⑥  25x25  adv=29 */
    0x00,
    0x00,
    0x94,
    0x1A,
    0x00,
    0x00,
    0x00,
    0x00,
    0xFE,
    0xEA,
    0x1F,
    0x00,
    0x00,
    0x40,
    0x1F,
    0x00,
    0xE4,
    0x07,
    0x00,
    0x80,
    0x07,
    0x00,
    0x00,
    0x78,
    0x00,
    0x80,
    0x07,
    0x00,
    0x00,
    0x40,
    0x07,
    0x40,
    0x07,
    0x80,
    0xFF,
    0x06,
    0x74,
    0x00,
    0x07,
    0xD0,
    0xFF,
    0x2F,
    0x80,
    0x02,
    0x0E,
    0xD0,
    0x5F,
    0xA5,
    0x00,
    0x1D,
    0x1C,
    0xC0,
    0x1F,
    0x00,
    0x00,
    0xA0,
    0x34,
    0x40,
    0x2F,
    0x00,
    0x00,
    0x40,
    0xD3,
    0x00,
    0xBE,
    0xFE,
    0x06,
    0x00,
    0x8C,
    0x02,
    0xF8,
    0xFF,
    0x7F,
    0x00,
    0x70,
    0x0A,
    0xE0,
    0x2F,
    0xF4,
    0x03,
    0xC0,
    0x29,
    0x80,
    0x3F,
    0x40,
    0x2F,
    0x00,
    0xD7,
    0x00,
    0xBE,
    0x00,
    0xBD,
    0x00,
    0x4D,
    0x03,
    0xF4,
    0x02,
    0xF4,
    0x02,
    0x34,
    0x1C,
    0xC0,
    0x0F,
    0xE0,
    0x07,
    0xA0,
    0xD0,
    0x00,
    0xBE,
    0xD1,
    0x0F,
    0xD0,
    0x00,
    0x0B,
    0xE0,
    0xFF,
    0x1F,
    0xC0,
    0x02,
    0x74,
    0x00,
    0xF9,
    0x1B,
    0x80,
    0x03,
    0x40,
    0x07,
    0x00,
    0x00,
    0x80,
    0x03,
    0x00,
    0xB4,
    0x00,
    0x00,
    0xD0,
    0x03,
    0x00,
    0x40,
    0x6E,
    0x00,
    0xE5,
    0x02,
    0x00,
    0x00,
    0x90,
    0xFF,
    0xBF,
    0x00,
    0x00,
    0x00,
    0x00,
    0x40,
    0x05,
    0x00,
    0x00,
    0x00,
/* U+2466 ⑦  25x25  adv=29 */
    0x00,
    0x00,
    0x94,
    0x1A,
    0x00,
    0x00,
    0x00,
    0x00,
    0xFE,
    0xEA,
    0x1F,
    0x00,
    0x00,
    0x40,
    0x1F,
    0x00,
    0xE4,
    0x07,
    0x00,
    0x80,
    0x07,
    0x00,
    0x00,
    0x78,
    0x00,
    0x80,
    0x07,
    0x00,
    0x00,
    0x40,
    0x07,
    0x40,
    0x07,
    0xFE,
    0xFF,
    0x3F,
    0x74,
    0x00,
    0x07,
    0xF8,
    0xFF,
    0xFF,
    0x80,
    0x02,
    0x0E,
    0x50,
    0x55,
    0xF9,
    0x02,
    0x1D,
    0x1C,
    0x00,
    0x00,
    0xF0,
    0x03,
    0xA0,
    0x34,
    0x00,
    0x00,
    0xD0,
    0x0B,
    0x40,
    0xD3,
    0x00,
    0x00,
    0x80,
    0x1F,
    0x00,
    0x8C,
    0x02,
    0x00,
    0x40,
    0x2F,
    0x00,
    0x70,
    0x0A,
    0x00,
    0x00,
    0x7E,
    0x00,
    0xC0,
    0x29,
    0x00,
    0x00,
    0xFC,
    0x00,
    0x00,
    0xD7,
    0x00,
    0x00,
    0xF4,
    0x02,
    0x00,
    0x4D,
    0x03,
    0x00,
    0xF0,
    0x03,
    0x00,
    0x34,
    0x1C,
    0x00,
    0xD0,
    0x0B,
    0x00,
    0xA0,
    0xD0,
    0x00,
    0x80,
    0x1F,
    0x00,
    0xD0,
    0x00,
    0x0B,
    0x00,
    0x3F,
    0x00,
    0xC0,
    0x02,
    0x74,
    0x00,
    0x69,
    0x00,
    0x80,
    0x03,
    0x40,
    0x07,
    0x00,
    0x00,
    0x80,
    0x03,
    0x00,
    0xB4,
    0x00,
    0x00,
    0xD0,
    0x03,
    0x00,
    0x40,
    0x6E,
    0x00,
    0xE5,
    0x02,
    0x00,
    0x00,
    0x90,
    0xFF,
    0xBF,
    0x00,
    0x00,
    0x00,
    0x00,
    0x40,
    0x05,
    0x00,
    0x00,
    0x00,
/* U+2467 ⑧  25x25  adv=29 */
    0x00,
    0x00,
    0x94,
    0x1A,
    0x00,
    0x00,
    0x00,
    0x00,
    0xFE,
    0xEA,
    0x1F,
    0x00,
    0x00,
    0x40,
    0x1F,
    0x00,
    0xE4,
    0x07,
    0x00,
    0x80,
    0x07,
    0x00,
    0x00,
    0x78,
    0x00,
    0x80,
    0x07,
    0x00,
    0x00,
    0x40,
    0x07,
    0x40,
    0x07,
    0xE0,
    0xFF,
    0x01,
    0x74,
    0x00,
    0x07,
    0xF0,
    0xFF,
    0x2F,
    0x80,
    0x02,
    0x0E,
    0xE0,
    0x0B,
    0xF9,
    0x01,
    0x1D,
    0x1C,
    0xC0,
    0x0F,
    0xD0,
    0x0B,
    0xA0,
    0x34,
    0x00,
    0x3E,
    0x40,
    0x2F,
    0x40,
    0xD3,
    0x00,
    0xF4,
    0x42,
    0x7E,
    0x00,
    0x8C,
    0x02,
    0x80,
    0xFF,
    0x7F,
    0x00,
    0x70,
    0x0A,
    0x00,
    0xFE,
    0xFF,
    0x02,
    0xC0,
    0x29,
    0x00,
    0xBE,
    0x95,
    0x1F,
    0x00,
    0xD7,
    0x00,
    0xFC,
    0x00,
    0xFC,
    0x00,
    0x4D,
    0x03,
    0xF4,
    0x02,
    0xF0,
    0x03,
    0x34,
    0x1C,
    0xC0,
    0x0B,
    0xC0,
    0x0F,
    0xA0,
    0xD0,
    0x00,
    0xBF,
    0x91,
    0x2F,
    0xD0,
    0x00,
    0x0B,
    0xF4,
    0xFF,
    0x3F,
    0xC0,
    0x02,
    0x74,
    0x00,
    0xFE,
    0x1B,
    0x80,
    0x03,
    0x40,
    0x07,
    0x00,
    0x00,
    0x80,
    0x03,
    0x00,
    0xB4,
    0x00,
    0x00,
    0xD0,
    0x03,
    0x00,
    0x40,
    0x6E,
    0x00,
    0xE5,
    0x02,
    0x00,
    0x00,
    0x90,
    0xFF,
    0xBF,
    0x00,
    0x00,
    0x00,
    0x00,
    0x40,
    0x05,
    0x00,
    0x00,
    0x00,
/* U+2468 ⑨  25x25  adv=29 */
    0x00,
    0x00,
    0x94,
    0x1A,
    0x00,
    0x00,
    0x00,
    0x00,
    0xFE,
    0xEA,
    0x1F,
    0x00,
    0x00,
    0x40,
    0x1F,
    0x00,
    0xE4,
    0x07,
    0x00,
    0x80,
    0x07,
    0x00,
    0x00,
    0x78,
    0x00,
    0x80,
    0x07,
    0x00,
    0x00,
    0x40,
    0x07,
    0x40,
    0x07,
    0x90,
    0xBF,
    0x01,
    0x74,
    0x00,
    0x07,
    0xE0,
    0xFF,
    0x1F,
    0x80,
    0x02,
    0x0E,
    0xD0,
    0x1B,
    0xFD,
    0x01,
    0x1D,
    0x1C,
    0xC0,
    0x0F,
    0xD0,
    0x0B,
    0xA0,
    0x34,
    0x00,
    0x3F,
    0x00,
    0x3F,
    0x40,
    0xD3,
    0x00,
    0xFC,
    0x00,
    0xFC,
    0x01,
    0x8C,
    0x02,
    0xF0,
    0x03,
    0xF4,
    0x07,
    0x70,
    0x0A,
    0x40,
    0x7F,
    0xF4,
    0x1F,
    0xC0,
    0x29,
    0x00,
    0xF8,
    0xFF,
    0x7F,
    0x00,
    0xD7,
    0x00,
    0x40,
    0xFE,
    0xFA,
    0x00,
    0x4D,
    0x03,
    0x00,
    0x00,
    0xF0,
    0x03,
    0x34,
    0x1C,
    0x00,
    0x00,
    0xE0,
    0x07,
    0xA0,
    0xD0,
    0x00,
    0x5C,
    0xE5,
    0x0B,
    0xD0,
    0x00,
    0x0B,
    0xF0,
    0xFF,
    0x0B,
    0xC0,
    0x02,
    0x74,
    0x80,
    0xFE,
    0x06,
    0x80,
    0x03,
    0x40,
    0x07,
    0x00,
    0x00,
    0x80,
    0x03,
    0x00,
    0xB4,
    0x00,
    0x00,
    0xD0,
    0x03,
    0x00,
    0x40,
    0x6E,
    0x00,
    0xE5,
    0x02,
    0x00,
    0x00,
    0x90,
    0xFF,
    0xBF,
    0x00,
    0x00,
    0x00,
    0x00,
    0x40,
    0x05,
    0x00,
    0x00,
    0x00,
/* U+2469 ⑩  25x25  adv=29 */
    0x00,
    0x00,
    0x94,
    0x1A,
    0x00,
    0x00,
    0x00,
    0x00,
    0xFE,
    0xEA,
    0x1F,
    0x00,
    0x00,
    0x40,
    0x1F,
    0x00,
    0xE4,
    0x07,
    0x00,
    0x80,
    0x07,
    0x00,
    0x00,
    0x78,
    0x00,
    0x80,
    0x07,
    0x00,
    0x00,
    0x40,
    0x07,
    0x40,
    0x47,
    0x1A,
    0x00,
    0x6A,
    0x74,
    0x00,
    0xD7,
    0x7F,
    0x00,
    0xFE,
    0x8B,
    0x02,
    0x4E,
    0xFB,
    0x01,
    0x7D,
    0x7D,
    0x1D,
    0x1C,
    0x80,
    0x07,
    0x78,
    0xD0,
    0xA2,
    0x34,
    0x00,
    0x1E,
    0xF0,
    0x40,
    0x4F,
    0xD3,
    0x00,
    0x78,
    0xC0,
    0x03,
    0x3C,
    0x8C,
    0x02,
    0xE0,
    0x41,
    0x0F,
    0xF0,
    0x70,
    0x0A,
    0x80,
    0x07,
    0x3D,
    0xC0,
    0xC3,
    0x29,
    0x00,
    0x1E,
    0xF0,
    0x00,
    0x0F,
    0xD7,
    0x00,
    0x78,
    0xC0,
    0x03,
    0x3D,
    0x4D,
    0x03,
    0xE0,
    0x01,
    0x1E,
    0xB4,
    0x34,
    0x1C,
    0x94,
    0x5B,
    0xF4,
    0xF5,
    0xA1,
    0xD0,
    0xF0,
    0xFF,
    0x83,
    0xFF,
    0xD2,
    0x00,
    0x8B,
    0xAA,
    0x0A,
    0xA8,
    0xC1,
    0x02,
    0x74,
    0x00,
    0x00,
    0x00,
    0x80,
    0x03,
    0x40,
    0x07,
    0x00,
    0x00,
    0x80,
    0x03,
    0x00,
    0xB4,
    0x00,
    0x00,
    0xD0,
    0x03,
    0x00,
    0x40,
    0x6E,
    0x00,
    0xE5,
    0x02,
    0x00,
    0x00,
    0x90,
    0xFF,
    0xBF,
    0x00,
    0x00,
    0x00,
    0x00,
    0x40,
    0x05,
    0x00,
    0x00,
    0x00,
/* U+2605 ★  25x25  adv=29 */
    0x00,
    0x00,
    0x00,
    0x00,
    0x00,
    0x00,
    0x00,
    0x00,
    0x00,
    0x04,
    0x00,
    0x00,
    0x00,
    0x00,
    0x00,
    0x34,
    0x00,
    0x00,
    0x00,
    0x00,
    0x00,
    0xE0,
    0x01,
    0x00,
    0x00,
    0x00,
    0x00,
    0xC0,
    0x0B,
    0x00,
    0x00,
    0x00,
    0x00,
    0x40,
    0x3F,
    0x00,
    0x00,
    0x00,
    0x00,
    0x00,
    0xFE,
    0x01,
    0x00,
    0x00,
    0x00,
    0x00,
    0xF8,
    0x0B,
    0x00,
    0x00,
    0x00,
    0x00,
    0xF0,
    0x3F,
    0x00,
    0x00,
    0x54,
    0x55,
    0xE5,
    0xFF,
    0x55,
    0x55,
    0x81,
    0xFF,
    0xFF,
    0xFF,
    0xFF,
    0xFF,
    0x0B,
    0xF8,
    0xFF,
    0xFF,
    0xFF,
    0xFF,
    0x07,
    0x40,
    0xFF,
    0xFF,
    0xFF,
    0xFF,
    0x02,
    0x00,
    0xE0,
    0xFF,
    0xFF,
    0xFF,
    0x01,
    0x00,
    0x00,
    0xFD,
    0xFF,
    0xFF,
    0x01,
    0x00,
    0x00,
    0xD0,
    0xFF,
    0xFF,
    0x01,
    0x00,
    0x00,
    0x80,
    0xFF,
    0xFF,
    0x07,
    0x00,
    0x00,
    0x00,
    0xFF,
    0xFF,
    0x2F,
    0x00,
    0x00,
    0x00,
    0xFD,
    0xEF,
    0xFF,
    0x00,
    0x00,
    0x00,
    0xF8,
    0x1F,
    0xFD,
    0x07,
    0x00,
    0x00,
    0xF0,
    0x0B,
    0xD0,
    0x2F,
    0x00,
    0x00,
    0xD0,
    0x07,
    0x00,
    0xF8,
    0x00,
    0x00,
    0x80,
    0x07,
    0x00,
    0x40,
    0x07,
    0x00,
    0x00,
    0x02,
    0x00,
    0x00,
    0x20,
    0x00,
    0x00,
    0x00,
    0x00,
    0x00,
    0x00,
    0x00,
    0x00,
/* U+2606 ☆  25x25  adv=29 */
    0x00,
    0x00,
    0x00,
    0x00,
    0x00,
    0x00,
    0x00,
    0x00,
    0x00,
    0x04,
    0x00,
    0x00,
    0x00,
    0x00,
    0x00,
    0x34,
    0x00,
    0x00,
    0x00,
    0x00,
    0x00,
    0xE0,
    0x01,
    0x00,
    0x00,
    0x00,
    0x00,
    0xC0,
    0x09,
    0x00,
    0x00,
    0x00,
    0x00,
    0x40,
    0x32,
    0x00,
    0x00,
    0x00,
    0x00,
    0x00,
    0x86,
    0x01,
    0x00,
    0x00,
    0x00,
    0x00,
    0x08,
    0x09,
    0x00,
    0x00,
    0x00,
    0x00,
    0x20,
    0x30,
    0x00,
    0x00,
    0x54,
    0x55,
    0x65,
    0x80,
    0x55,
    0x55,
    0x81,
    0xAB,
    0xAA,
    0x00,
    0xA9,
    0xAA,
    0x0B,
    0x28,
    0x00,
    0x00,
    0x00,
    0x40,
    0x06,
    0x40,
    0x06,
    0x00,
    0x00,
    0x80,
    0x02,
    0x00,
    0xA0,
    0x00,
    0x00,
    0x90,
    0x01,
    0x00,
    0x00,
    0x1D,
    0x00,
    0xD0,
    0x01,
    0x00,
    0x00,
    0x90,
    0x00,
    0xC0,
    0x01,
    0x00,
    0x00,
    0x80,
    0x01,
    0x00,
    0x05,
    0x00,
    0x00,
    0x00,
    0x03,
    0x04,
    0x20,
    0x00,
    0x00,
    0x00,
    0x09,
    0xA9,
    0x80,
    0x00,
    0x00,
    0x00,
    0x18,
    0x1D,
    0x19,
    0x05,
    0x00,
    0x00,
    0x30,
    0x0A,
    0xD0,
    0x21,
    0x00,
    0x00,
    0x90,
    0x07,
    0x00,
    0xE8,
    0x00,
    0x00,
    0x80,
    0x07,
    0x00,
    0x40,
    0x07,
    0x00,
    0x00,
    0x02,
    0x00,
    0x00,
    0x20,
    0x00,
    0x00,
    0x00,
    0x00,
    0x00,
    0x00,
    0x00,
    0x00,
/* U+FF10 ０  17x28  adv=19 */
    0xFD,
    0xFF,
    0xFF,
    0xFF,
    0xF6,
    0xFF,
    0xFF,
    0xFF,
    0xDB,
    0x01,
    0x00,
    0x00,
    0x6D,
    0x07,
    0x00,
    0x00,
    0xB4,
    0x1D,
    0x00,
    0x00,
    0xD0,
    0x76,
    0x00,
    0x00,
    0x40,
    0xDB,
    0x01,
    0x00,
    0x00,
    0x6D,
    0x07,
    0x00,
    0x00,
    0xB4,
    0x1D,
    0x00,
    0x00,
    0xD0,
    0x76,
    0x00,
    0x00,
    0x40,
    0xDB,
    0x01,
    0x00,
    0x00,
    0x6D,
    0x07,
    0x00,
    0x00,
    0xB4,
    0x1D,
    0x00,
    0x00,
    0xD0,
    0x76,
    0x00,
    0x00,
    0x40,
    0xDB,
    0x01,
    0x00,
    0x00,
    0x6D,
    0x07,
    0x00,
    0x00,
    0xB4,
    0x1D,
    0x00,
    0x00,
    0xD0,
    0x76,
    0x00,
    0x00,
    0x40,
    0xDB,
    0x01,
    0x00,
    0x00,
    0x6D,
    0x07,
    0x00,
    0x00,
    0xB4,
    0x1D,
    0x00,
    0x00,
    0xD0,
    0x76,
    0x00,
    0x00,
    0x40,
    0xDB,
    0x01,
    0x00,
    0x00,
    0x6D,
    0x07,
    0x00,
    0x00,
    0xB4,
    0x1D,
    0x00,
    0x00,
    0xD0,
    0x76,
    0x00,
    0x00,
    0x40,
    0xDB,
    0xFF,
    0xFF,
    0xFF,
    0x6F,
    0xFF,
    0xFF,
    0xFF,
    0xBF,
/* U+FF11 １  17x28  adv=19 */
    0xFD,
    0xFF,
    0xFF,
    0xFF,
    0xF6,
    0xFF,
    0xFF,
    0xFF,
    0xDB,
    0x01,
    0x00,
    0x00,
    0x6D,
    0x07,
    0x00,
    0x00,
    0xB4,
    0x1D,
    0x00,
    0x00,
    0xD0,
    0x76,
    0x00,
    0x00,
    0x40,
    0xDB,
    0x01,
    0x00,
    0x00,
    0x6D,
    0x07,
    0x00,
    0x00,
    0xB4,
    0x1D,
    0x00,
    0x00,
    0xD0,
    0x76,
    0x00,
    0x00,
    0x40,
    0xDB,
    0x01,
    0x00,
    0x00,
    0x6D,
    0x07,
    0x00,
    0x00,
    0xB4,
    0x1D,
    0x00,
    0x00,
    0xD0,
    0x76,
    0x00,
    0x00,
    0x40,
    0xDB,
    0x01,
    0x00,
    0x00,
    0x6D,
    0x07,
    0x00,
    0x00,
    0xB4,
    0x1D,
    0x00,
    0x00,
    0xD0,
    0x76,
    0x00,
    0x00,
    0x40,
    0xDB,
    0x01,
    0x00,
    0x00,
    0x6D,
    0x07,
    0x00,
    0x00,
    0xB4,
    0x1D,
    0x00,
    0x00,
    0xD0,
    0x76,
    0x00,
    0x00,
    0x40,
    0xDB,
    0x01,
    0x00,
    0x00,
    0x6D,
    0x07,
    0x00,
    0x00,
    0xB4,
    0x1D,
    0x00,
    0x00,
    0xD0,
    0x76,
    0x00,
    0x00,
    0x40,
    0xDB,
    0xFF,
    0xFF,
    0xFF,
    0x6F,
    0xFF,
    0xFF,
    0xFF,
    0xBF,
/* U+FF12 ２  17x28  adv=19 */
    0xFD,
    0xFF,
    0xFF,
    0xFF,
    0xF6,
    0xFF,
    0xFF,
    0xFF,
    0xDB,
    0x01,
    0x00,
    0x00,
    0x6D,
    0x07,
    0x00,
    0x00,
    0xB4,
    0x1D,
    0x00,
    0x00,
    0xD0,
    0x76,
    0x00,
    0x00,
    0x40,
    0xDB,
    0x01,
    0x00,
    0x00,
    0x6D,
    0x07,
    0x00,
    0x00,
    0xB4,
    0x1D,
    0x00,
    0x00,
    0xD0,
    0x76,
    0x00,
    0x00,
    0x40,
    0xDB,
    0x01,
    0x00,
    0x00,
    0x6D,
    0x07,
    0x00,
    0x00,
    0xB4,
    0x1D,
    0x00,
    0x00,
    0xD0,
    0x76,
    0x00,
    0x00,
    0x40,
    0xDB,
    0x01,
    0x00,
    0x00,
    0x6D,
    0x07,
    0x00,
    0x00,
    0xB4,
    0x1D,
    0x00,
    0x00,
    0xD0,
    0x76,
    0x00,
    0x00,
    0x40,
    0xDB,
    0x01,
    0x00,
    0x00,
    0x6D,
    0x07,
    0x00,
    0x00,
    0xB4,
    0x1D,
    0x00,
    0x00,
    0xD0,
    0x76,
    0x00,
    0x00,
    0x40,
    0xDB,
    0x01,
    0x00,
    0x00,
    0x6D,
    0x07,
    0x00,
    0x00,
    0xB4,
    0x1D,
    0x00,
    0x00,
    0xD0,
    0x76,
    0x00,
    0x00,
    0x40,
    0xDB,
    0xFF,
    0xFF,
    0xFF,
    0x6F,
    0xFF,
    0xFF,
    0xFF,
    0xBF,
/* U+FF13 ３  17x28  adv=19 */
    0xFD,
    0xFF,
    0xFF,
    0xFF,
    0xF6,
    0xFF,
    0xFF,
    0xFF,
    0xDB,
    0x01,
    0x00,
    0x00,
    0x6D,
    0x07,
    0x00,
    0x00,
    0xB4,
    0x1D,
    0x00,
    0x00,
    0xD0,
    0x76,
    0x00,
    0x00,
    0x40,
    0xDB,
    0x01,
    0x00,
    0x00,
    0x6D,
    0x07,
    0x00,
    0x00,
    0xB4,
    0x1D,
    0x00,
    0x00,
    0xD0,
    0x76,
    0x00,
    0x00,
    0x40,
    0xDB,
    0x01,
    0x00,
    0x00,
    0x6D,
    0x07,
    0x00,
    0x00,
    0xB4,
    0x1D,
    0x00,
    0x00,
    0xD0,
    0x76,
    0x00,
    0x00,
    0x40,
    0xDB,
    0x01,
    0x00,
    0x00,
    0x6D,
    0x07,
    0x00,
    0x00,
    0xB4,
    0x1D,
    0x00,
    0x00,
    0xD0,
    0x76,
    0x00,
    0x00,
    0x40,
    0xDB,
    0x01,
    0x00,
    0x00,
    0x6D,
    0x07,
    0x00,
    0x00,
    0xB4,
    0x1D,
    0x00,
    0x00,
    0xD0,
    0x76,
    0x00,
    0x00,
    0x40,
    0xDB,
    0x01,
    0x00,
    0x00,
    0x6D,
    0x07,
    0x00,
    0x00,
    0xB4,
    0x1D,
    0x00,
    0x00,
    0xD0,
    0x76,
    0x00,
    0x00,
    0x40,
    0xDB,
    0xFF,
    0xFF,
    0xFF,
    0x6F,
    0xFF,
    0xFF,
    0xFF,
    0xBF,
/* U+FF14 ４  17x28  adv=19 */
    0xFD,
    0xFF,
    0xFF,
    0xFF,
    0xF6,
    0xFF,
    0xFF,
    0xFF,
    0xDB,
    0x01,
    0x00,
    0x00,
    0x6D,
    0x07,
    0x00,
    0x00,
    0xB4,
    0x1D,
    0x00,
    0x00,
    0xD0,
    0x76,
    0x00,
    0x00,
    0x40,
    0xDB,
    0x01,
    0x00,
    0x00,
    0x6D,
    0x07,
    0x00,
    0x00,
    0xB4,
    0x1D,
    0x00,
    0x00,
    0xD0,
    0x76,
    0x00,
    0x00,
    0x40,
    0xDB,
    0x01,
    0x00,
    0x00,
    0x6D,
    0x07,
    0x00,
    0x00,
    0xB4,
    0x1D,
    0x00,
    0x00,
    0xD0,
    0x76,
    0x00,
    0x00,
    0x40,
    0xDB,
    0x01,
    0x00,
    0x00,
    0x6D,
    0x07,
    0x00,
    0x00,
    0xB4,
    0x1D,
    0x00,
    0x00,
    0xD0,
    0x76,
    0x00,
    0x00,
    0x40,
    0xDB,
    0x01,
    0x00,
    0x00,
    0x6D,
    0x07,
    0x00,
    0x00,
    0xB4,
    0x1D,
    0x00,
    0x00,
    0xD0,
    0x76,
    0x00,
    0x00,
    0x40,
    0xDB,
    0x01,
    0x00,
    0x00,
    0x6D,
    0x07,
    0x00,
    0x00,
    0xB4,
    0x1D,
    0x00,
    0x00,
    0xD0,
    0x76,
    0x00,
    0x00,
    0x40,
    0xDB,
    0xFF,
    0xFF,
    0xFF,
    0x6F,
    0xFF,
    0xFF,
    0xFF,
    0xBF,
/* U+FF15 ５  17x28  adv=19 */
    0xFD,
    0xFF,
    0xFF,
    0xFF,
    0xF6,
    0xFF,
    0xFF,
    0xFF,
    0xDB,
    0x01,
    0x00,
    0x00,
    0x6D,
    0x07,
    0x00,
    0x00,
    0xB4,
    0x1D,
    0x00,
    0x00,
    0xD0,
    0x76,
    0x00,
    0x00,
    0x40,
    0xDB,
    0x01,
    0x00,
    0x00,
    0x6D,
    0x07,
    0x00,
    0x00,
    0xB4,
    0x1D,
    0x00,
    0x00,
    0xD0,
    0x76,
    0x00,
    0x00,
    0x40,
    0xDB,
    0x01,
    0x00,
    0x00,
    0x6D,
    0x07,
    0x00,
    0x00,
    0xB4,
    0x1D,
    0x00,
    0x00,
    0xD0,
    0x76,
    0x00,
    0x00,
    0x40,
    0xDB,
    0x01,
    0x00,
    0x00,
    0x6D,
    0x07,
    0x00,
    0x00,
    0xB4,
    0x1D,
    0x00,
    0x00,
    0xD0,
    0x76,
    0x00,
    0x00,
    0x40,
    0xDB,
    0x01,
    0x00,
    0x00,
    0x6D,
    0x07,
    0x00,
    0x00,
    0xB4,
    0x1D,
    0x00,
    0x00,
    0xD0,
    0x76,
    0x00,
    0x00,
    0x40,
    0xDB,
    0x01,
    0x00,
    0x00,
    0x6D,
    0x07,
    0x00,
    0x00,
    0xB4,
    0x1D,
    0x00,
    0x00,
    0xD0,
    0x76,
    0x00,
    0x00,
    0x40,
    0xDB,
    0xFF,
    0xFF,
    0xFF,
    0x6F,
    0xFF,
    0xFF,
    0xFF,
    0xBF,
/* U+FF16 ６  17x28  adv=19 */
    0xFD,
    0xFF,
    0xFF,
    0xFF,
    0xF6,
    0xFF,
    0xFF,
    0xFF,
    0xDB,
    0x01,
    0x00,
    0x00,
    0x6D,
    0x07,
    0x00,
    0x00,
    0xB4,
    0x1D,
    0x00,
    0x00,
    0xD0,
    0x76,
    0x00,
    0x00,
    0x40,
    0xDB,
    0x01,
    0x00,
    0x00,
    0x6D,
    0x07,
    0x00,
    0x00,
    0xB4,
    0x1D,
    0x00,
    0x00,
    0xD0,
    0x76,
    0x00,
    0x00,
    0x40,
    0xDB,
    0x01,
    0x00,
    0x00,
    0x6D,
    0x07,
    0x00,
    0x00,
    0xB4,
    0x1D,
    0x00,
    0x00,
    0xD0,
    0x76,
    0x00,
    0x00,
    0x40,
    0xDB,
    0x01,
    0x00,
    0x00,
    0x6D,
    0x07,
    0x00,
    0x00,
    0xB4,
    0x1D,
    0x00,
    0x00,
    0xD0,
    0x76,
    0x00,
    0x00,
    0x40,
    0xDB,
    0x01,
    0x00,
    0x00,
    0x6D,
    0x07,
    0x00,
    0x00,
    0xB4,
    0x1D,
    0x00,
    0x00,
    0xD0,
    0x76,
    0x00,
    0x00,
    0x40,
    0xDB,
    0x01,
    0x00,
    0x00,
    0x6D,
    0x07,
    0x00,
    0x00,
    0xB4,
    0x1D,
    0x00,
    0x00,
    0xD0,
    0x76,
    0x00,
    0x00,
    0x40,
    0xDB,
    0xFF,
    0xFF,
    0xFF,
    0x6F,
    0xFF,
    0xFF,
    0xFF,
    0xBF,
/* U+FF17 ７  17x28  adv=19 */
    0xFD,
    0xFF,
    0xFF,
    0xFF,
    0xF6,
    0xFF,
    0xFF,
    0xFF,
    0xDB,
    0x01,
    0x00,
    0x00,
    0x6D,
    0x07,
    0x00,
    0x00,
    0xB4,
    0x1D,
    0x00,
    0x00,
    0xD0,
    0x76,
    0x00,
    0x00,
    0x40,
    0xDB,
    0x01,
    0x00,
    0x00,
    0x6D,
    0x07,
    0x00,
    0x00,
    0xB4,
    0x1D,
    0x00,
    0x00,
    0xD0,
    0x76,
    0x00,
    0x00,
    0x40,
    0xDB,
    0x01,
    0x00,
    0x00,
    0x6D,
    0x07,
    0x00,
    0x00,
    0xB4,
    0x1D,
    0x00,
    0x00,
    0xD0,
    0x76,
    0x00,
    0x00,
    0x40,
    0xDB,
    0x01,
    0x00,
    0x00,
    0x6D,
    0x07,
    0x00,
    0x00,
    0xB4,
    0x1D,
    0x00,
    0x00,
    0xD0,
    0x76,
    0x00,
    0x00,
    0x40,
    0xDB,
    0x01,
    0x00,
    0x00,
    0x6D,
    0x07,
    0x00,
    0x00,
    0xB4,
    0x1D,
    0x00,
    0x00,
    0xD0,
    0x76,
    0x00,
    0x00,
    0x40,
    0xDB,
    0x01,
    0x00,
    0x00,
    0x6D,
    0x07,
    0x00,
    0x00,
    0xB4,
    0x1D,
    0x00,
    0x00,
    0xD0,
    0x76,
    0x00,
    0x00,
    0x40,
    0xDB,
    0xFF,
    0xFF,
    0xFF,
    0x6F,
    0xFF,
    0xFF,
    0xFF,
    0xBF,
/* U+FF18 ８  17x28  adv=19 */
    0xFD,
    0xFF,
    0xFF,
    0xFF,
    0xF6,
    0xFF,
    0xFF,
    0xFF,
    0xDB,
    0x01,
    0x00,
    0x00,
    0x6D,
    0x07,
    0x00,
    0x00,
    0xB4,
    0x1D,
    0x00,
    0x00,
    0xD0,
    0x76,
    0x00,
    0x00,
    0x40,
    0xDB,
    0x01,
    0x00,
    0x00,
    0x6D,
    0x07,
    0x00,
    0x00,
    0xB4,
    0x1D,
    0x00,
    0x00,
    0xD0,
    0x76,
    0x00,
    0x00,
    0x40,
    0xDB,
    0x01,
    0x00,
    0x00,
    0x6D,
    0x07,
    0x00,
    0x00,
    0xB4,
    0x1D,
    0x00,
    0x00,
    0xD0,
    0x76,
    0x00,
    0x00,
    0x40,
    0xDB,
    0x01,
    0x00,
    0x00,
    0x6D,
    0x07,
    0x00,
    0x00,
    0xB4,
    0x1D,
    0x00,
    0x00,
    0xD0,
    0x76,
    0x00,
    0x00,
    0x40,
    0xDB,
    0x01,
    0x00,
    0x00,
    0x6D,
    0x07,
    0x00,
    0x00,
    0xB4,
    0x1D,
    0x00,
    0x00,
    0xD0,
    0x76,
    0x00,
    0x00,
    0x40,
    0xDB,
    0x01,
    0x00,
    0x00,
    0x6D,
    0x07,
    0x00,
    0x00,
    0xB4,
    0x1D,
    0x00,
    0x00,
    0xD0,
    0x76,
    0x00,
    0x00,
    0x40,
    0xDB,
    0xFF,
    0xFF,
    0xFF,
    0x6F,
    0xFF,
    0xFF,
    0xFF,
    0xBF,
/* U+FF19 ９  17x28  adv=19 */
    0xFD,
    0xFF,
    0xFF,
    0xFF,
    0xF6,
    0xFF,
    0xFF,
    0xFF,
    0xDB,
    0x01,
    0x00,
    0x00,
    0x6D,
    0x07,
    0x00,
    0x00,
    0xB4,
    0x1D,
    0x00,
    0x00,
    0xD0,
    0x76,
    0x00,
    0x00,
    0x40,
    0xDB,
    0x01,
    0x00,
    0x00,
    0x6D,
    0x07,
    0x00,
    0x00,
    0xB4,
    0x1D,
    0x00,
    0x00,
    0xD0,
    0x76,
    0x00,
    0x00,
    0x40,
    0xDB,
    0x01,
    0x00,
    0x00,
    0x6D,
    0x07,
    0x00,
    0x00,
    0xB4,
    0x1D,
    0x00,
    0x00,
    0xD0,
    0x76,
    0x00,
    0x00,
    0x40,
    0xDB,
    0x01,
    0x00,
    0x00,
    0x6D,
    0x07,
    0x00,
    0x00,
    0xB4,
    0x1D,
    0x00,
    0x00,
    0xD0,
    0x76,
    0x00,
    0x00,
    0x40,
    0xDB,
    0x01,
    0x00,
    0x00,
    0x6D,
    0x07,
    0x00,
    0x00,
    0xB4,
    0x1D,
    0x00,
    0x00,
    0xD0,
    0x76,
    0x00,
    0x00,
    0x40,
    0xDB,
    0x01,
    0x00,
    0x00,
    0x6D,
    0x07,
    0x00,
    0x00,
    0xB4,
    0x1D,
    0x00,
    0x00,
    0xD0,
    0x76,
    0x00,
    0x00,
    0x40,
    0xDB,
    0xFF,
    0xFF,
    0xFF,
    0x6F,
    0xFF,
    0xFF,
    0xFF,
    0xBF,
};

const gray_glyph_t sym_gray32[110] = {
    { 10, 10, 3, -23, 16, &sym_gray32_data[0] },
    { 21, 20, 3, -20, 27, &sym_gray32_data[25] },
    { 10, 13, 1, -23, 13, &sym_gray32_data[130] },
    { 11, 13, 1, -23, 13, &sym_gray32_data[163] },
    { 18, 25, 2, -18, 20, &sym_gray32_data[199] },
    { 4, 4, 3, -13, 10, &sym_gray32_data[312] },
    { 10, 13, 2, -23, 13, &sym_gray32_data[316] },
    { 28, 23, 2, -23, 31, &sym_gray32_data[349] },
    { 27, 23, 2, -23, 31, &sym_gray32_data[510] },
    { 29, 23, 1, -23, 31, &sym_gray32_data[666] },
    { 19, 18, 4, -19, 27, &sym_gray32_data[833] },
    { 21, 17, 3, -19, 27, &sym_gray32_data[919] },
    { 22, 23, 0, -23, 22, &sym_gray32_data[1009] },
    { 23, 23, 1, -23, 24, &sym_gray32_data[1136] },
    { 19, 18, 1, -18, 21, &sym_gray32_data[1269] },
    { 16, 31, 3, -24, 20, &sym_gray32_data[1355] },
    { 18, 25, 0, -18, 19, &sym_gray32_data[1479] },
    { 14, 18, 2, -18, 17, &sym_gray32_data[1592] },
    { 16, 25, 2, -18, 20, &sym_gray32_data[1655] },
    { 17, 24, 1, -24, 20, &sym_gray32_data[1755] },
    { 17, 24, 1, -24, 19, &sym_gray32_data[1857] },
    { 16, 18, 1, -18, 18, &sym_gray32_data[1959] },
    { 18, 18, 1, -18, 19, &sym_gray32_data[2031] },
    { 19, 18, 1, -18, 20, &sym_gray32_data[2112] },
    { 17, 18, 1, -18, 19, &sym_gray32_data[2198] },
    { 19, 25, 1, -18, 21, &sym_gray32_data[2275] },
    { 19, 25, 1, -18, 21, &sym_gray32_data[2394] },
    { 23, 18, 2, -18, 27, &sym_gray32_data[2513] },
    { 21, 23, 3, -23, 27, &sym_gray32_data[2617] },
    { 11, 14, 1, -24, 13, &sym_gray32_data[2738] },
    { 12, 13, 0, -23, 13, &sym_gray32_data[2777] },
    { 11, 14, 1, -24, 13, &sym_gray32_data[2816] },
    { 11, 14, 1, -24, 13, &sym_gray32_data[2855] },
    { 11, 14, 1, -24, 13, &sym_gray32_data[2894] },
    { 11, 14, 1, -24, 13, &sym_gray32_data[2933] },
    { 11, 14, 1, -24, 13, &sym_gray32_data[2972] },
    { 13, 12, 2, -22, 17, &sym_gray32_data[3011] },
    { 13, 2, 2, -17, 17, &sym_gray32_data[3050] },
    { 6, 17, 1, -25, 8, &sym_gray32_data[3057] },
    { 6, 17, 1, -25, 8, &sym_gray32_data[3083] },
    { 11, 14, 1, -14, 13, &sym_gray32_data[3109] },
    { 10, 13, 2, -13, 13, &sym_gray32_data[3148] },
    { 10, 13, 1, -13, 13, &sym_gray32_data[3181] },
    { 11, 13, 1, -13, 13, &sym_gray32_data[3214] },
    { 12, 13, 0, -13, 13, &sym_gray32_data[3250] },
    { 11, 14, 1, -14, 13, &sym_gray32_data[3289] },
    { 11, 14, 1, -14, 13, &sym_gray32_data[3328] },
    { 11, 14, 1, -14, 13, &sym_gray32_data[3367] },
    { 11, 14, 1, -14, 13, &sym_gray32_data[3406] },
    { 11, 14, 1, -14, 13, &sym_gray32_data[3445] },
    { 13, 12, 2, -12, 17, &sym_gray32_data[3484] },
    { 13, 2, 2, -7, 17, &sym_gray32_data[3523] },
    { 13, 6, 2, -9, 17, &sym_gray32_data[3530] },
    { 6, 17, 1, -15, 8, &sym_gray32_data[3550] },
    { 6, 17, 1, -15, 8, &sym_gray32_data[3576] },
    { 10, 11, 1, -11, 13, &sym_gray32_data[3602] },
    { 11, 11, 1, -11, 13, &sym_gray32_data[3630] },
    { 11, 10, 1, -10, 13, &sym_gray32_data[3661] },
    { 12, 11, 1, -11, 14, &sym_gray32_data[3689] },
    { 11, 10, 1, -10, 13, &sym_gray32_data[3722] },
    { 11, 14, 1, -14, 13, &sym_gray32_data[3750] },
    { 11, 15, 1, -15, 14, &sym_gray32_data[3789] },
    { 3, 14, 1, -14, 5, &sym_gray32_data[3831] },
    { 17, 10, 1, -10, 20, &sym_gray32_data[3842] },
    { 11, 10, 1, -10, 13, &sym_gray32_data[3885] },
    { 11, 15, 1, -11, 14, &sym_gray32_data[3913] },
    { 10, 11, 1, -11, 12, &sym_gray32_data[3955] },
    { 8, 14, 0, -14, 9, &sym_gray32_data[3983] },
    { 31, 23, 3, -23, 36, &sym_gray32_data[4011] },
    { 28, 23, 2, -23, 31, &sym_gray32_data[4190] },
    { 29, 23, 1, -23, 31, &sym_gray32_data[4351] },
    { 24, 15, 1, -18, 27, &sym_gray32_data[4518] },
    { 15, 23, 6, -23, 27, &sym_gray32_data[4608] },
    { 25, 15, 1, -18, 27, &sym_gray32_data[4695] },
    { 15, 23, 6, -23, 27, &sym_gray32_data[4789] },
    { 25, 21, 1, -21, 27, &sym_gray32_data[4876] },
    { 15, 23, 1, -22, 17, &sym_gray32_data[5008] },
    { 21, 29, 0, -23, 22, &sym_gray32_data[5095] },
    { 20, 27, 1, -26, 20, &sym_gray32_data[5248] },
    { 21, 13, 3, -16, 27, &sym_gray32_data[5383] },
    { 24, 24, 2, -24, 29, &sym_gray32_data[5452] },
    { 8, 32, 4, -25, 16, &sym_gray32_data[5596] },
    { 14, 32, 1, -25, 17, &sym_gray32_data[5660] },
    { 21, 13, 3, -16, 27, &sym_gray32_data[5772] },
    { 21, 20, 3, -20, 27, &sym_gray32_data[5841] },
    { 21, 19, 3, -19, 27, &sym_gray32_data[5946] },
    { 21, 19, 3, -19, 27, &sym_gray32_data[6046] },
    { 24, 23, 2, -23, 28, &sym_gray32_data[6146] },
    { 25, 25, 2, -24, 29, &sym_gray32_data[6284] },
    { 25, 25, 2, -24, 29, &sym_gray32_data[6441] },
    { 25, 25, 2, -24, 29, &sym_gray32_data[6598] },
    { 25, 25, 2, -24, 29, &sym_gray32_data[6755] },
    { 25, 25, 2, -24, 29, &sym_gray32_data[6912] },
    { 25, 25, 2, -24, 29, &sym_gray32_data[7069] },
    { 25, 25, 2, -24, 29, &sym_gray32_data[7226] },
    { 25, 25, 2, -24, 29, &sym_gray32_data[7383] },
    { 25, 25, 2, -24, 29, &sym_gray32_data[7540] },
    { 25, 25, 2, -24, 29, &sym_gray32_data[7697] },
    { 25, 25, 2, -24, 29, &sym_gray32_data[7854] },
    { 25, 25, 2, -24, 29, &sym_gray32_data[8011] },
    { 17, 28, 1, -23, 19, &sym_gray32_data[8168] },
    { 17, 28, 1, -23, 19, &sym_gray32_data[8287] },
    { 17, 28, 1, -23, 19, &sym_gray32_data[8406] },
    { 17, 28, 1, -23, 19, &sym_gray32_data[8525] },
    { 17, 28, 1, -23, 19, &sym_gray32_data[8644] },
    { 17, 28, 1, -23, 19, &sym_gray32_data[8763] },
    { 17, 28, 1, -23, 19, &sym_gray32_data[8882] },
    { 17, 28, 1, -23, 19, &sym_gray32_data[9001] },
    { 17, 28, 1, -23, 19, &sym_gray32_data[9120] },
    { 17, 28, 1, -23, 19, &sym_gray32_data[9239] },
};
